Abomination_(character).txt,5.868154481132075
Absorbing_Man.txt,5.905497311827958
Achebe_(comics).txt,5.465999999999999
Agent_(comics).txt,5.704145021645021
Agent_X_(Marvel_Comics).txt,5.789105382865808
Dmitri_Bukharin.txt,5.578000000000001
Air-Walker.txt,6.020416666666667
Liz_Allan.txt,5.788505096262741
Amatsu-Mikaboshi_(comics).txt,5.3933333333333335
American_Dream_(comics).txt,6.163698523698523
American_Eagle_(Marvel_Comics).txt,5.865884955752213
Anaconda_(comics).txt,5.465999999999999
X-Statix.txt,5.889682539682541
Ancient_One.txt,5.7884125705076555
Andromeda_(Marvel_Comics).txt,5.9876570458404075
Angel_(Thomas_Halloway).txt,5.9839740259740255
Angel_Dust_(comics).txt,6.46
Angela_(comics).txt,5.465999999999999
Dirk_Anger.txt,5.4725
Ani-Mator.txt,5.186
Annex_(comics).txt,5.98
Annihilus.txt,5.7652205882352945
Anole_(comics).txt,5.465999999999999
Anthem_(comics).txt,5.711428571428572
Ant-Man.txt,5.926689595872743
Anti-Venom_(symbiote).txt,5.295000000000001
Apache_Kid_(comics).txt,6.013564356435643
Apocalypse_(comics).txt,5.465999999999999
Apollo_(Marvel_Comics).txt,6.273333333333333
Aqueduct_(comics).txt,5.4975
Arabian_Knight_(comics).txt,5.949999999999999
Aragorn_(comics).txt,5.746
Arcade_(Marvel_Comics).txt,5.733412547528517
Arclight_(comics).txt,5.784352189781021
Ares_(Marvel_Comics).txt,5.763757131214343
Aries_(comics).txt,5.465999999999999
Arkon.txt,5.687323825503356
Armadillo_(comics).txt,5.822869166029074
Armor_(comics).txt,5.735
Arsenal_(Marvel_Comics).txt,5.692178571428571
Gertrude_Yorkes.txt,5.695479674796748
Asbestos_Man.txt,5.955451505016722
Mike_Asher.txt,5.859090909090909
Asp_(comics).txt,5.465999999999999
Vance_Astro.txt,5.896138790035588
Elders_of_the_Universe.txt,6.060816847479259
Atalanta_(Pantheon).txt,6.071000000000001
Athena_(Marvel_Comics).txt,5.803478854024556
Erik_Josten.txt,5.850173913043477
Attuma.txt,5.862358722358722
Aurora_(comics).txt,5.784098454493418
Avalanche_(comics).txt,5.465999999999999
Awesome_Android.txt,5.913857493857495
Azazel_(Marvel_Comics).txt,5.970171755725191
Azzuri_(comics).txt,5.295000000000001
Bruce_Banner.txt,5.784545454545454
Rebecca_Banner.txt,5.490444104134762
Brian_Banner.txt,5.555857026807474
Baron_Blood.txt,5.70800451807229
Baron_Brimstone.txt,5.711355311355311
Baron_Mordo.txt,5.668299595141701
Baron_Zemo.txt,5.821641249092229
Barracuda_(comics).txt,5.859999999999999
Dark_Riders_(comics).txt,5.533636363636364
Turk_Barrett.txt,5.674444444444445
Breeze_Barton.txt,5.916033333333334
Bast_(Marvel_Comics).txt,6.109289044289045
Bastion_(comics).txt,5.677167774086379
Batroc_the_Leaper.txt,5.869904815229563
Battlestar_(comics).txt,5.435714285714285
Batwing_(Marvel_Comics).txt,5.723303085299455
Baymax.txt,6.123269736842106
Beast_(comics).txt,5.348333333333334
Beautiful_Dreamer_(Marvel_Comics).txt,6.0257512953367875
Bedlam_(comics).txt,5.791774193548387
Beef_(comics).txt,7.08
Beetle_(comics).txt,5.797838014369693
Bela_(comics).txt,5.806428571428571
Belasco_(Marvel_Comics).txt,5.720844645550528
Bella_Donna_(comics).txt,5.749688041594453
Bengal_(comics).txt,5.465999999999999
Dexter_Bennett.txt,5.8500000000000005
Bereet.txt,6.1086510263929625
Berzerker_(comics).txt,7.08
Beta_Ray_Bill.txt,5.675008156606852
Beyonder.txt,5.701227071473751
Bi-Beast.txt,5.750290023201857
Big_Bertha_(comics).txt,5.591666666666666
Big_Man_(comics).txt,5.6661072261072265
Big_Wheel_(comics).txt,5.618571428571428
Bird-Brain_(Marvel_Comics).txt,6.111046025104602
Bird-Man.txt,5.94
Bishop_(Marvel_Comics).txt,5.682545103092783
Bison_(comics).txt,5.2683333333333335
Black_Bolt.txt,5.865683012259195
Black_Box_(comics).txt,5.64
Black_Cat_(Marvel_Comics).txt,5.891615836019506
Black_Crow_(comics).txt,5.3757142857142854
Black_Fox_(Raul_Chalmers).txt,5.765
Black_Jack_Tarr.txt,5.704072847682118
Black_Knight_(comics).txt,5.736
Black_Mamba_(comics).txt,5.368333333333333
Black_Marvel.txt,5.821803278688526
Black_Panther_(character)|T'Challa_(Marvel_Cinematic_Universe).txt,5.9764036106890694
Black_Racer_(Marvel_Comics).txt,5.43
Black_Rider_(comics).txt,5.47
Black_Spectre_(Carson_Knowles).txt,4.88
Black_Swan_(comics).txt,5.707536496350365
Black_Talon_(comics).txt,5.659621342512908
Black_Tarantula.txt,5.584278026905829
Black_Tom_Cassidy.txt,5.825694177863084
Black_Widow_(Marvel_Comics).txt,5.892227687983134
Blackheart.txt,5.787045060658579
Whiplash_(Mark_Scarlotti).txt,6.28
Blacklight_(MC2).txt,5.367142857142857
Blackout_(Marcus_Daniels).txt,5.782131495227995
Blackwing_(character).txt,5.829834938101788
Blade_(character).txt,5.719158569762923
Thor_(Marvel_Comics).txt,5.930318621931998
Blank_(comics).txt,6.0600000000000005
Blastaar.txt,5.59851724137931
Siena_Blaze.txt,5.7285630498533715
Blazing_Skull.txt,5.79364705882353
Blindfold_(comics).txt,5.602027797576622
Blindspot_(comics).txt,5.831576971214018
Bling!.txt,5.581111111111111
Blink_(comics).txt,5.4433333333333325
Bliss_(Marvel_Comics).txt,7.08
Blizzard_(Marvel_Comics).txt,5.634926326129666
Blob_(comics).txt,5.672222222222222
Blockbuster_(Marauder).txt,6.064343163538874
Blonde_Phantom.txt,5.979416666666666
Blood_Brothers_(comics).txt,5.716069295101554
Bloodaxe_(comics).txt,5.465999999999999
Bloodhawk.txt,5.731333333333334
Bloodscream.txt,5.485348148148148
Bloodshed_(comics).txt,5.465999999999999
Cullen_Bloodstone.txt,5.697132075471698
Elsa_Bloodstone.txt,5.8736335877862595
Ulysses_Bloodstone.txt,5.750262954369683
Bloodstrike_(Marvel_Comics).txt,5.992629310344827
Blue_Diamond_(comics).txt,5.787142857142858
Blue_Eagle_(comics).txt,5.595714285714286
Blue_Marvel.txt,5.922931034482758
Blue_Shield_(comics).txt,5.535714285714286
Blue_Streak_(comics).txt,5.851386430678466
"Bob,_Agent_of_HYDRA.txt",5.33375
Elias_Bogan.txt,5.7753061224489795
Chris_Bradley.txt,5.668815789473685
Bonebreaker.txt,5.80705035971223
Alexander_Bont.txt,5.795335929892891
Tabitha_Smith.txt,5.643972961186219
Boomerang_(comics).txt,5.465999999999999
Bova_(comics).txt,5.950597014925373
Box_(comics).txt,5.742006319115323
Jamie_Braddock.txt,5.598614051973051
Isaiah_Bradley.txt,5.823178851174935
Brain_Drain_(comics).txt,5.424285714285714
Brainchild_(comics).txt,4.745
Abigail_Brand.txt,5.641156968876861
Betty_Brant.txt,5.7392109877264765
G._W._Bridge.txt,5.506675862068966
Brimstone_Love.txt,6.210000000000001
Brother_Tode.txt,7.08
Brother_Voodoo.txt,5.822742796157951
Brothers_Grimm_(comics).txt,5.792796610169491
Molly_Hayes.txt,5.744562358276643
Brute_(Reed_Richards).txt,6.038850102669405
Bucky_(Marvel_Comics).txt,5.743812797461661
Paul_Budiansky.txt,5.765000000000001
Bug_(comics).txt,5.746245551601423
Bulldozer_(comics).txt,5.465999999999999
Bullseye_(comics).txt,5.3933333333333335
Bulwark_(comics).txt,7.08
Nathaniel_Bumpo.txt,5.873333333333334
Burglar_(comics).txt,5.465999999999999
Burner_(comics).txt,5.742
Bushman_(comics).txt,5.465999999999999
Bushmaster_(Marvel_Comics).txt,5.687496815286623
Bushwacker_(comics).txt,5.682485795454546
Layla_Miller.txt,5.748528925619835
Buzz_(Marvel_Comics).txt,5.75684375
Byrrah.txt,nan
Tatiana_Caban.txt,5.644
Bethany_Cabe.txt,5.722288732394366
Cable_(comics).txt,5.495
Luke_Cage.txt,5.77102627840909
Caiman_(comics).txt,5.997692307692308
Caliban_(comics).txt,5.86
Callisto_(comics).txt,5.721559322033899
Calypso_(comics).txt,5.738147086914996
Cammi_(comics).txt,5.68
Cancer_(comics).txt,6.57
Candra_(comics).txt,5.19875
Cannonball_(comics).txt,5.746
Capricorn_(comics).txt,5.838333333333334
Captain_(comics).txt,5.841052631578948
Captain_America|Captain_America_(Ultimate_Marvel_character)|Steve_Rogers_(Marvel_Cinematic_Universe).txt,5.798422207094774
Captain_Atlas.txt,5.95018154311649
Captain_Britain.txt,5.95338476070529
Captain_Fate.txt,6.1899999999999995
Captain_Marvel_(Marvel_Comics).txt,5.889766949152543
Captain_Midlands.txt,5.874655414908581
Captain_Savage.txt,5.489999999999999
Flash_Thompson.txt,5.721975457654396
Captain_Ultra.txt,5.958179148311306
Captain_Universe.txt,5.918976936723833
Captain_Wonder_(Timely_Comics).txt,5.999101382488479
Cardiac_(comics).txt,5.2316666666666665
Cardinal_(comics).txt,5.653963133640554
Caretaker_(comics).txt,5.523920664206642
Carnage_(character).txt,5.769456652982371
Carnivore_(comics).txt,5.922142857142857
Carrion_(comics).txt,5.509952229299363
Peggy_Carter.txt,5.949165337586391
Sharon_Carter.txt,5.757745490981963
Tyrone_Cash.txt,5.735479744136461
Catseye_(comics).txt,5.876515748031497
Cell_(comics).txt,6.46
Centurious.txt,5.730461095100864
Centurius.txt,5.635103969754254
Cerebra.txt,6.210000000000001
Cerise_(comics).txt,5.836135957066189
Challenger_(comics).txt,5.465999999999999
Chamber_(comics).txt,5.454999999999999
Chameleon_(comics).txt,5.859999999999999
Champion_of_the_Universe.txt,5.768291605301915
Marlo_Chandler.txt,5.7668649885583525
Charcoal_(comics).txt,5.866586102719032
Charlie-27.txt,5.972183266932272
Charon_(Marvel_Comics).txt,5.59451476793249
Chemistro.txt,5.5469230769230755
Zhou_Cheng.txt,5.640542168674699
Cheshire_Cat_(comics).txt,5.861932515337423
Amadeus_Cho.txt,5.651452282157677
Ch'od.txt,5.84582056892779
Chondu_the_Mystic.txt,5.9769649805447465
Andrew_Chord.txt,5.7776958525345625
Trevor_Fitzroy.txt,5.563613569321534
Cipher_(comics).txt,5.940256959314776
Citizen_V.txt,5.601885644768856
Clea.txt,5.894367088607595
Cloak_and_Dagger_(comics).txt,5.215
Cloud_9_(comics).txt,5.8641871921182265
Coachwhip_(comics).txt,5.486
Coal_Tiger.txt,5.96201166180758
Cobalt_Man.txt,4.68
Cobra_(Marvel_Comics).txt,5.731444444444445
Malcolm_Colcord.txt,5.621991924629878
Coldblood.txt,5.741739130434782
Collective_Man.txt,5.781135057471264
Collector_(comics).txt,5.351666666666667
Rusty_Collins.txt,5.6748533724340176
Ultimate_Red_Guardian.txt,6.05
Colossus_(comics).txt,5.465999999999999
Comanche_(comics).txt,5.619317211948791
Comet_Man.txt,5.764354561101549
Commander_Kraken.txt,5.785157232704402
Conan_(Marvel_Comics).txt,5.901428571428572
Condor_(comics).txt,5.831253071253071
Billy_Connors_(comics).txt,5.385000000000001
Martha_Connors.txt,5.776285714285715
Conquest_(comics).txt,4.86
Constrictor_(comics).txt,5.465999999999999
Contemplator_(Marvel_Comics).txt,5.87
Controller_(Marvel_Comics).txt,5.656141814389989
Jen_Cooke.txt,5.873333333333334
Finn_Cooley.txt,5.897272727272727
Carlie_Cooper.txt,5.569646393210749
Valerie_Cooper.txt,5.728373071528751
Copperhead_(Marvel_Comics).txt,5.7866298342541445
Anya_Corazon.txt,5.781739824421389
Peter_Corbeau.txt,5.762820976491863
Edwin_Cord.txt,5.578364389233954
Abraham_Cornelius.txt,5.584479768786127
Archie_Corrigan.txt,5.843231197771587
Corruptor_(comics).txt,5.305555555555555
Corsair_(comics).txt,5.465999999999999
Tom_Corsi.txt,5.704831081081082
Fabian_Cortez.txt,5.511815384615384
Cosmo_the_Spacedog.txt,5.923702325581395
Cottonmouth_(Cornell_Cottonmouth).txt,5.266666666666667
Phil_Coulson.txt,5.794762338371881
Cowgirl_(comics).txt,6.131250000000001
Graydon_Creed.txt,5.5768844221105525
Crime_Master.txt,5.534029084687768
Crimson_Cavalier.txt,6.045714285714285
Crimson_Commando.txt,5.715795006570302
Crimson_Curse.txt,4.864
Crimson_Dynamo.txt,5.754832554517134
Crippler_(comics).txt,5.465999999999999
Darren_Cross.txt,5.927780320366132
Crossbones_(comics).txt,5.465999999999999
Crossfire_(comics).txt,5.268750000000001
Crusader_(Marvel_Comics).txt,5.765053995680346
Crusher_(comics).txt,5.681051546391752
Crystal_(comics).txt,5.645
Cyber_(Marvel_Comics).txt,5.5871524513096045
Cyclone_(Marvel_Comics).txt,5.702976324689966
Cyclops_(Marvel_Comics).txt,5.6908071837379115
Cypher_(comics).txt,6.0855555555555565
Cyttorak.txt,5.621379310344827
Dagger_(comics).txt,5.833333333333333
Daken.txt,5.658914326174179
Dakimh_the_Enchanter.txt,5.790027932960894
Daredevil_(Marvel_Comics_character).txt,5.8377985765818465
Dark_Beast.txt,5.380305522914218
Darkdevil.txt,5.863066132264528
Darkhawk.txt,5.708191972076788
Darkoth.txt,5.614206128133705
Darkstar_(Marvel_Comics).txt,5.850104166666666
Darwin_(comics).txt,5.3933333333333335
Spacker_Dave.txt,5.73
Amanda_Sefton.txt,5.8529517579722
Dazzler_(Marvel_Comics).txt,5.904595261599209
Dead_Girl.txt,5.941875
Deadpool.txt,5.826133848133848
Death_(Marvel_Comics).txt,5.677492077863286
Death_Adder_(comics).txt,4.8116666666666665
Death_Metal_(comics).txt,5.206611295681063
Death's_Head.txt,5.579921242124212
Deathbird.txt,5.73347921225383
Deathlok.txt,5.802359335038362
Deathwatch_(comics).txt,5.555607287449393
Debrii.txt,5.846897081413211
Valentina_Allegra_de_Fontaine.txt,5.637337087691071
Marco_Delgado_(comics).txt,6.0495238095238095
Delilah_(comics).txt,6.02470588235294
Delphi_(Pantheon).txt,6.110000000000001
Demogoblin.txt,5.660424799081515
Demolition_Man_(comics).txt,5.7963727959697735
Demon_Bear.txt,5.797895878524946
Desak.txt,5.764664310954064
Destiny_(Irene_Adler).txt,5.909937078651685
Destroyer_(Keen_Marlow).txt,5.585000000000001
Detroit_Steel.txt,5.755144429160935
Devastator_(comics).txt,5.738951612903226
Devil_Dinosaur.txt,5.687810868897758
Devil-Slayer_(comics).txt,4.945
Devos_the_Devastator.txt,5.688625429553265
Jean_DeWolff.txt,5.6398746312684365
Diablo_(Marvel_Comics).txt,5.752066259808196
Diamond_Lil_(Marvel_Comics).txt,5.598888888888889
Diamondback_(Willis_Stryker).txt,5.575482180293501
Diamondhead_(comics).txt,5.926552706552707
Digger_(Marvel_Comics).txt,5.725909090909091
Digitek_(comics).txt,5.465999999999999
Dinah_Soar.txt,6.022646048109966
Dionysus_(Marvel_Comics).txt,6.273333333333333
Dirtnap_(comics).txt,5.19875
D'Ken.txt,5.116
Doc_Samson.txt,5.748811842617842
Doctor_Bong.txt,5.795633608815426
Doctor_Demonicus.txt,5.692097378277153
Doctor_Doom.txt,5.59429810725552
Doctor_Druid.txt,5.823859440142942
Doctor_Faustus_(comics).txt,5.826731821735732
Doctor_Minerva.txt,5.940417136414881
Doctor_Nemesis.txt,5.564478996181123
Doctor_Octopus.txt,5.717318667157585
Doctor_Spectrum.txt,5.927207654145996
Doctor_Strange.txt,5.816987763232783
Daniel_Drumm.txt,5.636952526799388
Domino_(comics).txt,5.465999999999999
Big_Ben_Donovan.txt,5.6297672413793105
Roger_Dooley.txt,5.822846153846154
Doom_2099.txt,5.586147540983607
Doorman_(comics).txt,5.465999999999999
Doop_(comics).txt,5.465999999999999
Dorma_(comics).txt,5.798343313373253
Dormammu.txt,5.819530708661418
Doughboy_(comics).txt,5.465999999999999
Dracula_(Marvel_Comics).txt,5.733994528043777
Dragon_Lord_(comics).txt,5.996904376012966
Dragon_Man_(comics).txt,5.567142857142857
Damon_Dran.txt,5.629587155963303
Drax_the_Destroyer.txt,6.005925008843297
Dreadknight.txt,5.696648550724637
Dreadnought_(comics).txt,5.783183962264151
Dredmund_Druid.txt,5.846666666666667
Druig.txt,5.965764925373135
Dryad_(comics).txt,5.9655017301038065
D'Spayre.txt,5.6480066815144765
Dum-Dum_Dugan.txt,5.276000000000001
Dusk_(comics).txt,5.632742382271467
Dust_(comics).txt,5.155
Dweller-in-Darkness.txt,5.53800505050505
Ebon_Samurai.txt,5.791502590673575
Echo_(Marvel_Comics).txt,5.916154537286613
Ectokid.txt,5.879243697478993
Ethan_Edwards.txt,5.806343537414966
Eel_(comics).txt,5.794440753045405
Egghead_(Marvel_Comics).txt,5.78174778761062
Ego_the_Living_Planet.txt,5.852879069767441
Eitri_(comics).txt,5.465999999999999
El_Aguila.txt,5.82393850658858
Electro_(Marvel_Comics).txt,5.709023611997447
Elixir_(comics).txt,5.465999999999999
Elsie-Dee.txt,5.72626
Elysius_(comics).txt,4.9275
Empath_(comics).txt,5.465999999999999
Enchantress_(Marvel_Comics).txt,5.894548563611491
Katie_Power.txt,5.856115916955018
Enforcer_(comics).txt,5.5529271206690565
Ent_(comics).txt,5.839
Equinox_(comics).txt,5.957625754527163
Ereshkigal_(Marvel_Comics).txt,5.848449367088608
Eric_the_Red_(comics).txt,5.486
Erg_(comics).txt,6.041462639109698
Eternity_(comics).txt,6.049218263576617
Everyman_(Marvel_Comics).txt,5.75087962962963
Ex_Nihilo_(comics).txt,5.807350746268656
Executioner_(comics).txt,5.465999999999999
Exodus_(comics).txt,5.612550822846079
Ezekiel_(comics).txt,5.738573033707865
Falcon_(comics)|Sam_Wilson_(Marvel_Cinematic_Universe).txt,5.940472286579932
Fancy_Dan.txt,6.460000000000001
Fandral.txt,6.009449776071658
Fantomex.txt,5.619181446111869
Fasaud.txt,5.2700000000000005
Fatale_(Marvel_Comics).txt,5.471447368421053
Father_Time_(Marvel_Comics).txt,5.955243902439024
Fenris_Wolf_(Marvel_Comics).txt,5.976129032258064
Feral_(comics).txt,5.465999999999999
Fer-de-Lance_(comics).txt,5.587777777777778
Saint_Sinner_(comics).txt,5.747549019607843
Fin_(comics).txt,5.947701754385965
Fin_Fang_Foom.txt,5.856204523107177
Finesse_(character).txt,5.79
Firebird_(Marvel_Comics).txt,5.913534482758621
Firebrand_(Marvel_Comics).txt,5.669590643274854
Firelord_(comics).txt,5.465999999999999
Firepower_(comics).txt,5.473071428571429
Firestar_(Marvel_Comics).txt,5.735
Richard_Fisk.txt,5.643415597235934
Vanessa_Fisk.txt,5.568665377176015
Leo_Fitz.txt,5.782597005805073
Fixx_(Marvel_comics).txt,5.61125
Fixer_(comics).txt,5.746
Flag-Smasher.txt,5.719013282732448
Flashback_(comics).txt,5.645910290237468
Flatman_(comics).txt,5.465999999999999
Flex_(comics).txt,5.533333333333334
Flipside_(comics).txt,6.48
Sally_Floyd_(comics).txt,4.736666666666667
Flux_(comics).txt,5.59375
Flying_Tiger_(Marvel_Comics).txt,5.893351254480287
Mickey_Fondozzi.txt,5.775296999387631
Foolkiller.txt,5.72850021486893
Forbush_Man.txt,5.811145124716553
Force_(comics).txt,5.69824894514768
Forearm_(comics).txt,5.59378238341969
Foreigner_(comics).txt,5.465999999999999
Forge_(comics).txt,5.465999999999999
Lee_Forrester.txt,5.88494071146245
Forgotten_One_(comics).txt,5.130000000000001
Don_Fortunato.txt,5.642885375494071
Dominic_Fortune.txt,5.963964627855564
Jane_Foster_(comics).txt,5.378333333333334
Frederick_Foswell.txt,5.752256637168141
Foxbat_(comics).txt,5.299000000000001
Foxfire_(comics).txt,4.6066666666666665
Frankenstein's_Monster_(Marvel_Comics).txt,5.687159574468086
Freak_(Marvel_Comics).txt,6.048433734939759
Freakshow_(comics).txt,5.716711864406779
Free_Spirit_(comics).txt,6.253124999999999
Freedom_Ring.txt,5.79385628742515
Spike_Freeman.txt,nan
Frenchie_(comics).txt,5.916935064935065
Frenzy_(comics).txt,6.170000000000002
Freya_(comics).txt,5.465999999999999
F.R.I.D.A.Y..txt,5.799767080745341
Friction_(comics).txt,6.426666666666667
Sharon_Friedlander.txt,5.805827338129497
Frigga_(Marvel_Comics).txt,5.805
Frog-Man.txt,5.762598391874736
Adrienne_Frost.txt,5.876241299303944
Deacon_Frost.txt,5.546156424581006
Emma_Frost.txt,5.837831485587583
Rumiko_Fujikawa.txt,5.772
Fury_(Marvel_Comics).txt,5.579412381951732
Jake_Fury.txt,5.329375000000001
Mikel_Fury.txt,5.1381250000000005
Nick_Fury|Nick_Fury_(Ultimate_Marvel_character)|Nick_Fury_(Marvel_Cinematic_Universe).txt,5.62245205703983
Nick_Fury_Jr..txt,5.569992343032159
Vernon_Fury.txt,5.062
Fusion_(Marvel_Comics).txt,4.57
Futurist_(comics).txt,5.465999999999999
Galactus.txt,6.0486936265374585
Gambit_(Marvel_Comics).txt,5.869795076134909
Gamesmaster_(comics).txt,5.875036855036856
Gamora.txt,5.853645606390705
Gardener_(comics).txt,6.4159999999999995
Gargantua_(comics).txt,5.701807228915663
Gargoyle_(comics).txt,5.904170616113744
Garokk.txt,5.700312035661218
Jeffrey_Garrett.txt,5.57125
John_Garrett_(comics).txt,5.486275331935709
Gatecrasher_(Marvel_Comics).txt,6.043000000000001
Gateway_(comics).txt,5.465999999999999
Kulan_Gath.txt,5.817726449275363
Gauntlet_(comics).txt,5.67
Gavel_(comics).txt,5.78
Salem's_Seven.txt,5.79092879256966
Geiger_(comics).txt,6.52
Gemini_(Marvel_Comics).txt,5.7724919093851135
Genesis_(Marvel_Comics).txt,5.768664047151277
Genis-Vell.txt,6.036805630752571
Gentle_(comics).txt,5.855
Ghaur.txt,5.921323877068558
Ghost_(Marvel_Comics).txt,5.551848825331971
Ghost_Rider.txt,5.654520574534161
Ghost_Rider_2099.txt,5.617864357864359
Giant-Man.txt,5.904258911819887
Gibbon_(comics).txt,5.465999999999999
Gibborim_(comics).txt,5.421666666666667
Gideon_(comics).txt,5.6713412228796845
Giganto.txt,5.665824949698189
Gigantus.txt,5.756
Gladiator_(Melvin_Potter).txt,5.719408602150537
Gladiatrix_(comics).txt,5.819443207126948
Corvus_Glaive.txt,5.852447478991596
Glob_(comics).txt,5.88244167962675
Glorian.txt,5.91229862475442
Ma_Gnucci.txt,5.906697674418605
GoGo_Tomago.txt,6.135665064102564
Goddess_(comics).txt,5.686923076923076
"Godzilla,_King_of_the_Monsters_(comic_book).txt",5.93375306623058
Betsy_Ross_(comics).txt,5.43
Golem_(comics).txt,5.794123222748815
Goliath_(Marvel_Comics).txt,5.627798594847775
Vin_Gonzales.txt,5.635977528089888
Goom.txt,5.7683298538622125
Gorgilla.txt,5.333333333333333
Gorgolla.txt,5.333333333333333
Gorgon_(Inhuman).txt,5.957759562841529
Delphyne_Gorgon.txt,5.772326139088729
Gorilla_Girl.txt,5.783260340632603
Gorilla-Man.txt,5.889393398751115
Gorr_the_God_Butcher.txt,5.919463276836158
Gorr_the_Golden_Gorilla.txt,6.081877022653722
Grand_Director.txt,5.883
Glory_Grant.txt,5.868383658969805
Grasshopper_(comics).txt,5.465999999999999
Graviton_(comics).txt,5.774594028287062
Gravity_(comics).txt,5.528333333333333
Graymalkin.txt,5.815007451564829
Green_Goblin|Green_Goblin_(Ultimate_Marvel_character).txt,5.736424894712214
Grey_Gargoyle.txt,5.7388178913738015
Jean_Grey.txt,5.804369138205629
Griffin_(Marvel_Comics).txt,5.58282250242483
David_Griffith_(comics).txt,5.8532692307692304
Grim_Hunter.txt,5.065
Grim_Reaper_(comics).txt,5.746
Grindhouse_(comics).txt,7.15
Grizzly_(comics).txt,5.67617192331478
Grog_(Marvel_Comics).txt,5.735613496932515
Groot.txt,5.955904675166971
Guardian_(Marvel_Comics).txt,5.696016949152542
Guardsman_(comics).txt,5.465999999999999
Jebediah_Guthrie.txt,7.08
Henry_Peter_Gyrich.txt,5.591208609271524
Gwenpool.txt,5.968031039640987
Hala_the_Accuser.txt,5.771392405063291
Tadashi_Hamada.txt,6.207620504973222
Cockroach_Hamilton.txt,5.6853669724770635
Justin_Hammer.txt,5.615801630434782
Hammerhead_(comics).txt,5.60349101229896
Victoria_Hand_(comics).txt,5.864
Maya_Hansen.txt,5.716819221967963
Hardball_(comics).txt,6.52
Leila_Davis.txt,5.939047619047619
Felicity_Hardy.txt,5.619411764705881
Agatha_Harkness.txt,5.970485502360081
Marauders_(comics).txt,5.709806009889691
Harrier_(comics).txt,6.032
Jonas_Harrow.txt,5.618295254833041
Hate-Monger.txt,5.453232799245995
Hauptmann_Deutschland.txt,5.6959405940594054
Havok_(comics).txt,5.704288606130712
Hawkeye_(Clint_Barton)|Clint_Barton_(Marvel_Cinematic_Universe).txt,5.876702153399467
Haywire_(comics).txt,5.465999999999999
Mark_Hazzard:_Merc.txt,5.833632812499999
Headlok.txt,5.904657039711191
Headsman_(comics).txt,5.668607954545454
Hebe_(Marvel_Comics).txt,7.08
Hecate_(Marvel_Comics).txt,5.974899135446686
Hector_(Pantheon).txt,6.0855555555555565
Heimdall_(comics).txt,5.465999999999999
Hela_(comics).txt,5.465999999999999
Helix_(Marvel_Comics).txt,5.695708502024291
Patsy_Walker.txt,6.058065164923572
Hellcow.txt,5.935594149908592
Hellfire_(J.T._Slade).txt,5.18
Hellion_(comics).txt,5.930000000000001
Hellrazor.txt,nan
Daimon_Hellstrom.txt,5.748732261116367
Hepzibah_(comics).txt,5.731060037523452
H.E.R.B.I.E..txt,5.739340044742729
Hercules_(Marvel_Comics).txt,6.03945403311025
Gregory_Herd.txt,5.646772334293948
Hermes_(Marvel_Comics).txt,5.914633333333333
Hermod_(comics).txt,6.06
Hex_(Marvel_Comics).txt,nan
High_Evolutionary.txt,5.870627988524066
Hijacker_(comics).txt,5.617227488151659
Maria_Hill.txt,5.748324630113141
Hindsight_(comics).txt,5.465999999999999
Hiro-Kala.txt,5.718515406162465
Hiroim.txt,5.611683333333334
Hit-Monkey.txt,5.890905209222886
Hitman_(Marvel_Comics).txt,5.530044395116537
Toni_Ho.txt,5.911305903398927
Anne_Marie_Hoag.txt,5.653124999999999
Hobgoblin_(comics).txt,5.694773647405227
Cameron_Hodge.txt,5.795967413441955
Happy_Hogan_(comics).txt,5.938333333333333
Jeryn_Hogarth.txt,5.4125
Hogun.txt,5.9692097264437685
Holocaust_(Marvel_Comics).txt,5.401842105263157
Menace_(Marvel_Comics).txt,nan
Honey_Lemon.txt,6.210384615384616
Hood_(comics).txt,5.294
Hornet_(comics).txt,5.681924227318045
Howard_the_Duck.txt,5.843186580472581
George_Howe_(comics).txt,5.720000000000001
Hrimhari.txt,5.801446945337621
Jimmy_Hudson.txt,5.613539982030547
Hugin_and_Munin_(Marvel_Comics).txt,5.465999999999999
Hulk|Bruce_Banner_(Marvel_Cinematic_Universe).txt,5.948768308153615
Hulk_2099.txt,5.7955305466237945
Hulkling.txt,6.002604166666667
Human_Cannonball_(Marvel_Comics).txt,5.891550218340611
Human_Fly_(comics).txt,5.701428571428571
Human_Top_(David_Mitchell).txt,6.195
Human_Torch_(android).txt,5.825986491290437
Humbug_(comics).txt,5.465999999999999
Hummingbird_(comics).txt,5.651108968177435
Humus_Sapien.txt,5.998510638297872
Henrietta_Hunter.txt,nan
Stevie_Hunter.txt,5.7306481481481475
Huntsman_(Cephalus).txt,7.08
Hurricane_(comics).txt,5.445466491458607
Husk_(comics).txt,5.715920959774171
Faiza_Hussain.txt,5.84998379254457
Hybrid_(Jimmy_Marks).txt,5.8437520661157025
Hydro-Man.txt,5.722822857142858
Hyperion_(comics).txt,5.977881981032666
Hypno-Hustler.txt,5.634057239057238
Hypnotia.txt,6.030000000000001
Iceman_(Marvel_Comics).txt,5.880597207556025
Idunn_(comics).txt,5.794
Ikaris.txt,5.9116269430051815
Immortus.txt,5.731755813953487
Impossible_Man.txt,5.797919375812744
In-Betweener.txt,5.796323851203502
Indra_(comics).txt,5.712140804597702
Inertia_(Marvel_Comics).txt,5.805736263736263
Inferno_(Dante_Pertuz).txt,5.843645699614891
Ink_(comics).txt,5.7249549549549545
Shola_Inkosi.txt,7.08
Petra_Laskov.txt,6.087000000000001
Invisible_Woman.txt,5.8969555035128804
Ion_(Marvel_Comics).txt,nan
Iron_Cross_(Marvel_Comics).txt,5.744487179487178
Iron_Fist_(comics).txt,5.21
Iron_Lad.txt,5.80443864229765
Iron_Man|Iron_Man_(Ultimate_Marvel_character)|Tony_Stark_(Marvel_Cinematic_Universe).txt,5.713497548631978
Iron_Man_2020.txt,5.839247572815534
Iron_Monger.txt,5.666119186046512
Iron_Patriot.txt,5.875438225976768
Ironclad_(comics).txt,5.806176470588235
ISAAC_(comics).txt,5.46
Isbisa.txt,5.7134273318872015
It!_The_Living_Colossus.txt,5.8481931464174455
J'son_(character).txt,5.882899408284023
J2_(comics).txt,5.62
Jack_Flag.txt,5.793857350800582
Jack_Frost_(Marvel_Comics).txt,5.889977168949772
Jack_O'Lantern_(Marvel_Comics).txt,5.6230198973042365
Jack_of_Hearts_(Marvel_Comics).txt,5.76203795379538
Jackal_(Marvel_Comics_character).txt,5.664307155322863
Jackhammer_(comics).txt,5.9748859934853416
Jackpot_(Marvel_Comics).txt,6.155
Brent_Jackson.txt,5.6021212121212125
J._Jonah_Jameson.txt,5.613875659489519
John_Jameson_(comics).txt,5.401666666666666
Jann_of_the_Jungle.txt,6.125526315789474
Janus_(Marvel_Comics).txt,5.75218253968254
Jarella.txt,5.872999999999999
J.A.R.V.I.S..txt,5.740576923076923
Edwin_Jarvis.txt,5.7513525641025645
Jerry_Jaxon.txt,5.787619047619048
Jazinda.txt,5.6414262295081965
Jester_(Marvel_Comics).txt,5.6444159836065575
Jetstream_(comics).txt,5.913943965517241
Jigsaw_(Marvel_Comics).txt,5.833418222976797
Jimmy-6.txt,5.648629173989455
Joan_(comics).txt,5.775
Jocasta_(comics).txt,5.770294550810014
John_the_Skrull.txt,5.919269005847953
Johnny_Dee.txt,5.7379428571428575
Jolen_(comics).txt,5.4125
Charlotte_Jones_(comics).txt,5.8149999999999995
Gabe_Jones.txt,5.664697554697555
Hugh_Jones_(comics).txt,5.856272838002436
Jessica_Jones.txt,5.940105363984674
Rick_Jones_(comics).txt,5.416666666666667
Jubilee_(comics).txt,5.746
Jude_the_Entropic_Man.txt,6.305000000000001
Juggernaut_(comics).txt,5.465999999999999
Junior_Juniper.txt,5.7199759807846275
Junta_(comics).txt,5.821250000000001
Justice_(New_Universe).txt,5.851772151898735
Kaecilius.txt,5.783384615384615
Elloe_Kaifi.txt,5.68027538726334
Kala_(comics).txt,5.82188376753507
Jennifer_Kale.txt,5.752847682119206
Noble_Kale.txt,5.573333333333333
Kaluu.txt,5.745161943319839
Kamikaze_(comics).txt,6.82
Garrison_Kane.txt,5.616531862745099
Kang_the_Conqueror.txt,5.821414600069857
Kangaroo_(comics).txt,5.588970802919707
Karkas_(comics).txt,6.048817567567568
Karma_(comics).txt,5.591666666666666
Karnak_(comics).txt,5.8680037950664135
Karthon_the_Quester.txt,5.73619266055046
Ka-Zar_(David_Rand)|Ka-Zar_(Kevin_Plunder).txt,5.814180704441042
Robert_Kelly_(comics).txt,5.4557142857142855
Kestrel_(Marvel_Comics).txt,5.511023489932886
Kamala_Khan.txt,6.12752429109657
Khonshu_(Marvel_Comics).txt,5.931240135287486
KIA_(comics).txt,5.895833333333335
Kiber_the_Cruel.txt,5.625
Kid_Cassidy.txt,nan
Kid_Colt.txt,6.028309692671396
Kid_Kaiju.txt,5.928333333333334
Kid_Omega.txt,6.170000000000002
Killer_Shrike.txt,5.529201824401369
Aldrich_Killian.txt,5.942418772563177
Erik_Killmonger.txt,5.775175321793165
Killpower.txt,5.719595141700405
Killraven.txt,5.990715512306812
Kimura_(comics).txt,5.3933333333333335
Hannibal_King.txt,5.720795454545454
King_Bedlam.txt,7.08
Kingmaker_(comics).txt,5.708320987654321
Kingpin_(comics).txt,5.351666666666667
Roderick_Kingsley.txt,5.690488165680473
Kismet_(Marvel_Comics).txt,6.051311706629055
Kiwi_Black.txt,5.869925650557621
Klaatu_(comics).txt,5.811102564102564
Klaw_(Marvel_Comics).txt,5.465999999999999
Kleinstocks.txt,5.788000000000001
Misty_Knight.txt,5.85267558528428
Knull_(comics).txt,5.465999999999999
Eric_Koenig.txt,5.692061636556854
Komodo_(comics).txt,5.757754237288135
Korath_the_Pursuer.txt,5.992927120669056
Korg_(comics).txt,5.3933333333333335
Korrek.txt,5.58
Korvac.txt,5.9117031802120135
Korvus_(comics).txt,4.9275
Kraglin.txt,6.1925929648241205
Daniel_Whitehall.txt,5.9399999999999995
Krakoa.txt,5.884767857142857
Krang_(Marvel_Comics).txt,5.712592592592593
Kraven_the_Hunter.txt,5.5985969899665555
Kro_(comics).txt,5.465999999999999
Krystalin.txt,6.210000000000001
Kull_(comics).txt,5.863333333333333
Kylun.txt,5.63875
La_Lunatica.txt,6.210000000000001
Lacuna_(comics).txt,nan
Lady_Bullseye.txt,5.753637873754153
Lady_Deathstrike.txt,5.721978744939271
Lady_Dorma.txt,6.085555555555555
Lady_Grey_(comics).txt,6.03909090909091
Lady_Lotus.txt,5.858294434470377
Lady_Mastermind.txt,5.641772549019608
Lady_Octopus.txt,5.727581930912312
Lamprey_(comics).txt,4.6066666666666665
Steven_Lang_(comics).txt,5.427142857142856
Laufey_(comics).txt,5.465999999999999
Morgan_le_Fay_(Marvel_Comics).txt,5.78991611743559
Leader_(comics).txt,5.618333333333333
Leech_(comics).txt,5.465999999999999
Ned_Leeds.txt,5.787931854199683
Left-Winger_(comics).txt,5.740680628272251
Prudence_Leighton.txt,5.514
Lei_Kung_(comics).txt,5.468333333333334
Leir_(Marvel_Comics).txt,5.9523809523809526
Harry_Leland.txt,5.795290423861852
Leo_(comics).txt,5.735647668393783
Leper_Queen.txt,5.538977035490605
Letha_(comics).txt,5.465999999999999
Libra_(Marvel_Comics).txt,5.8191796875
Lifeform_(comics).txt,6.82
Lifeguard_(comics).txt,5.988128712871287
Lightmaster.txt,5.702786324786325
Crusaders_(Marvel_Comics).txt,5.9859340659340665
Julie_Power.txt,5.845875486381323
Lilith_(Marvel_Comics).txt,5.757769171185128
Lionheart_(comics).txt,5.746
Litterbug_(comics).txt,7.08
Living_Brain.txt,5.878638790035588
Living_Laser.txt,5.828116040955631
Living_Lightning.txt,5.91239161849711
Living_Monolith.txt,5.95766917293233
Living_Tribunal.txt,5.985605326876513
Lizard_(comics).txt,5.435714285714285
Llyra.txt,5.7633232628398785
Loa_(comics).txt,5.786717363751585
Maximus_Lobo.txt,5.817916666666667
Lobo_Brothers.txt,4.942857142857143
Lockheed_(comics).txt,5.465999999999999
Lockjaw_(comics).txt,5.465999999999999
Locus_(comics).txt,5.633058252427184
Locust_(comics).txt,5.873333333333334
Lodestone_(comics).txt,2.64
Loki_(Marvel_Comics)|Loki_(Marvel_Cinematic_Universe).txt,5.902557549392786
Raza_Longknife.txt,5.72878661087866
Longshot_(Marvel_Comics).txt,5.833704789833822
Lord_Chaos_(Marvel_Comics).txt,5.776820083682008
Lord_Dark_Wind.txt,5.693593749999999
Andy_Lorimer.txt,5.63
Lorna_the_Jungle_Girl.txt,6.240205655526992
Lorelei_(Mutate).txt,5.9202564102564095
Nancy_Lu.txt,5.602727272727273
Lucifer_(Marvel_Comics).txt,5.55567120622568
Karolina_Dean.txt,5.938508051265199
Aleksander_Lukin.txt,5.867763496143959
Willie_Lumpkin.txt,6.014570446735394
Lunatik.txt,5.94923076923077
Lupo_(comics).txt,4.745
Lurking_Unknown.txt,5.5329999999999995
Lyja.txt,5.778292529817954
Gideon_Mace.txt,5.603660714285714
Jason_Macendale.txt,5.622543103448276
Abner_Jenkins.txt,5.668694736842106
Machete_(comics).txt,5.883535353535355
Machine_Man.txt,5.811446759259259
Machine_Teen.txt,5.61264081255771
Machinesmith.txt,5.797646610814929
Al_MacKenzie.txt,5.703602150537634
Moira_MacTaggart.txt,5.846666666666667
Mad_Dog_(Marvel_Comics).txt,5.686356736242885
Mad_Dog_Rassitano.txt,5.736
Mad_Thinker.txt,5.702781633742659
Madame_Hydra.txt,5.889074074074074
Madame_Masque.txt,5.726247591522157
Sunset_Bain.txt,5.844967462039045
Madame_Web.txt,5.822468495181616
Madcap_(comics).txt,5.775231629392971
Madman_(Marvel_Comics).txt,5.7303999999999995
Maelstrom_(comics).txt,5.838110882956879
Maestro_(comics).txt,5.3933333333333335
Maggott.txt,5.794281949934125
Magician_(comics).txt,5.859999999999999
Magik_(comics).txt,5.684415156507414
Magique.txt,6.073333333333333
Magma_(Jonathan_Darque).txt,5.666980056980057
Magneto_(Marvel_Comics).txt,5.736308127208481
Enchanters_Three.txt,5.874163701067616
Mahkizmo.txt,5.873313609467456
Brett_Mahoney.txt,5.765986055776891
Mahr_Vehl.txt,5.862276995305164
Major_Mapleleaf.txt,5.922801204819277
Maker_(Reed_Richards).txt,5.821083094555873
Makkari_(comics).txt,6.020226586102719
Malekith_the_Accursed.txt,5.692649164677804
Malice_(comics).txt,5.465999999999999
Karl_Malus.txt,5.784954545454546
Mammomax.txt,5.548333333333335
Man-Ape.txt,5.9486735653809975
Man-Beast.txt,5.735772811918063
Man-Bull.txt,5.759415584415584
Man-Elephant.txt,5.826813186813187
Man-Killer.txt,5.919254457050243
Man_Mountain_Marko.txt,5.710097173144876
Spider-Man.txt,5.882147568311952
Man-Thing.txt,5.853181722467888
Victor_Mancha.txt,5.731239612188365
Mandarin_(comics).txt,5.3933333333333335
Mandrill_(comics).txt,5.701599576271186
Dino_Manelli.txt,5.008750000000001
Mangog.txt,6.053835920177383
Manifold_(comics).txt,6.2125
Manikin_(comics).txt,5.82
Manphibian.txt,5.514037900874635
Mantis_(Marvel_Comics).txt,5.986538461538462
Anna_Maria_Marconi.txt,5.733173880030372
Marrow_(comics).txt,5.465999999999999
Martinex.txt,5.962974848222029
Phyla-Vell.txt,6.069882978723405
Marvel_Boy_(Robert_Grayson).txt,5.9296851851851855
Marvelman.txt,5.465999999999999
Masked_Marauder.txt,5.575691176470588
Masked_Raider.txt,6.047105882352942
Masque_(comics).txt,5.742407199100112
Massacre_(Marvel_Comics).txt,5.522201365187714
Jack_Power_(Marvel_Comics).txt,5.871135303265941
Master_Izo.txt,5.818980891719745
Master_Khan.txt,5.642775
Master_Menace.txt,5.799924670433145
Master_Mold.txt,5.631563126252505
Master_Pandemonium.txt,5.694764705882354
Mastermind_(Jason_Wyngarde).txt,5.840393918451969
Alicia_Masters.txt,5.988730395817774
Matador_(Marvel_Comics).txt,5.624410646387832
Match_(Marvel_Comics).txt,5.7909999999999995
Mathemanic.txt,5.94
Mauler_(comics).txt,5.654601941747573
David_North_(comics).txt,5.478571428571429
Robert_Maverick.txt,5.803327272727272
Ebony_Maw.txt,5.895351170568562
Luna_Maximoff.txt,5.841428571428572
Maximus_(comics).txt,5.688506653523903
Melinda_May.txt,5.756604904632152
Mayhem_(comics).txt,5.719890230515917
Kenny_McFarlane.txt,5.771823708206687
Meanstreak_(comics).txt,5.465999999999999
Medusa_(comics).txt,5.84877923192448
Harold_Meachum.txt,5.662908163265306
Ward_Meachum.txt,5.696405750798721
Meggan_(character).txt,5.823731435643564
Seamus_Mellencamp.txt,5.7
Melter.txt,5.728306951135581
Mentallo.txt,5.7390036900369
Mentor_(A'lars).txt,5.918934240362812
Mephisto_(comics).txt,6.155
Mercurio_the_4-D_Man.txt,5.811579710144927
Mercury_(Marvel_Comics).txt,5.650363777089783
Merlin_(Marvel_Comics).txt,6.055
Merlyn_(Marvel_Comics).txt,7.08
Irene_Merryweather.txt,5.680628272251309
Mesmero.txt,5.693806921675774
Metal_Master_(comics).txt,5.86814323607427
Metalhead_(comics).txt,5.465999999999999
Karla_Sofen.txt,5.7888795986622075
Mettle_(comics).txt,5.465999999999999
Lynn_Michaels.txt,5.455452991452992
Microchip_(comics).txt,5.700670588235295
Micromax.txt,5.8071399176954746
Midas_(comics).txt,5.7021518987341775
Midgard_Serpent_(comics).txt,5.752500000000001
Proxima_Midnight.txt,5.916842661034847
Midnight_Sun_(Marvel_Comics).txt,5.633373349339736
Midnight's_Fire.txt,5.877649667405764
Miek.txt,5.679072276159655
Milan_(comics).txt,5.763589743589744
Millie_the_Model.txt,6.106270178419711
Mimic_(comics).txt,5.72497157296273
Mind-Wave.txt,5.759082426127527
Mindless_Ones.txt,5.761023541453429
Nico_Minoru.txt,5.718008552229688
Minotaur_(comics).txt,5.59399274047187
Miracle_Man.txt,5.866614730878187
Mirage_(Marvel_Comics).txt,5.78551775147929
Miss_America_(Madeline_Joyce).txt,5.91656351791531
Miss_Arrow.txt,5.591414285714286
Missing_Link_(comics).txt,5.566787658802178
Mister_Fantastic.txt,5.382
Mister_Fear.txt,5.443529411764706
Mr._Fish.txt,5.67144804088586
Mister_Hyde_(comics).txt,5.779999999999999
Mister_Immortal.txt,5.588333333333334
Mister_Jip.txt,5.6691950886766715
Mister_M_(comics).txt,5.461666666666667
Mister_Negative.txt,5.482035541195477
Mister_Sensitive.txt,5.738000000000001
Mister_Sinister.txt,5.76383925367779
Mister_X_(Marvel_Comics).txt,5.4064120054570255
Yorkie_Mitchell.txt,5.69
MJ_(Marvel_Cinematic_Universe).txt,5.963437226915234
Mockingbird_(Marvel_Comics).txt,5.878137791870857
MODAM.txt,5.43
Max_Modell.txt,5.653886956521738
MODOK.txt,5.906746647847565
Modred_the_Mystic.txt,5.6776075268817205
Modular_Man.txt,5.634427244582043
Mojo_(comics).txt,5.794755887421023
Mole_Man.txt,5.716990369181381
Molecule_Man.txt,5.632548772813091
Molten_Man.txt,5.708319226118501
Mongoose_(comics).txt,5.792352941176471
Monsteroso.txt,5.946420454545455
Montana_(comics).txt,5.461666666666667
Moon-Boy.txt,5.692998885172798
Moondragon.txt,5.80751168224299
Moon_Girl_(Marvel_Comics).txt,5.79893893893894
Moonglow_(comics).txt,5.922337662337662
Moon_Knight.txt,5.996497068110059
Danielle_Moonstar.txt,5.720757441791924
Lloyd_Bloch.txt,5.729243697478992
Spider-Man_(Miles_Morales).txt,5.577142857142857
"Morbius,_the_Living_Vampire.txt",5.67247493315508
Mordred_(comics).txt,5.757735849056604
David_Moreau.txt,5.7999740932642485
MOR103.txt,5.4125
Jim_Morita.txt,4.706666666666667
Morlun.txt,5.631460336538462
Morning_Star_(comics).txt,5.982891986062717
Morph_(comics).txt,6.007777777777778
Morpheus_(Marvel_Comics).txt,5.935839416058394
Morrat.txt,5.538
Lois_London.txt,5.93
Mother_Night_(comics).txt,5.89
Motormouth_(comics).txt,5.631188571428571
Mountjoy_(comics).txt,5.587859922178988
Alyssa_Moy.txt,5.882063492063493
Ms._Marvel.txt,6.327758152173913
Jamie_Madrox.txt,5.706420845624386
Jack_Murdock_(comics).txt,5.471666666666667
Maggie_Murdock.txt,5.850658174097664
Daredevil_(Marvel_Comics_character)|Kingpin_(Matt_Murdock).txt,5.8377985765818465
Mike_Murdock.txt,6.040139130434783
Murmur_(Marvel_Comics).txt,5.754251592356688
Junzo_Muto.txt,5.8610000000000015
Mysterio.txt,5.6394278925242185
Mystique_(comics).txt,5.465999999999999
N'astirh.txt,5.777553398058252
N'Garai.txt,5.92
"N'Kantu,_the_Living_Mummy.txt",5.7405643738977075
Naga_(Marvel_Comics).txt,5.8753315649867375
Nahrees_(comics).txt,5.625
Namor_the_Sub-Mariner.txt,5.2475000000000005
Namora.txt,5.932854460093896
Namorita.txt,5.823312043795621
Native_(comics).txt,5.558333333333334
Nebula_(comics).txt,5.465999999999999
NFL_SuperPro.txt,5.81605633802817
Night_Nurse_(comics).txt,5.9249285362247415
Night_Thrasher_(Dwayne_Taylor).txt,5.831426106958022
Nightcrawler_(comics).txt,5.465999999999999
Nighthawk_(Marvel_Comics).txt,5.878183562519988
Nightmare_(Marvel_Comics).txt,5.477559912854031
Nightmask.txt,6.058674698795181
Nightshade_(Marvel_Comics).txt,5.409999999999999
Nightside_(comics).txt,5.76
Nightwatch_(comics).txt,5.713697478991597
Nikki_(comics).txt,5.9702697495183035
Tana_Nile.txt,5.948652849740933
Nimrod_(comics).txt,5.835220588235295
Nitro_(comics).txt,5.6047515151515155
Kiden_Nixon.txt,5.644
No-Name.txt,5.673333333333333
Nocturne_(Talia_Wagner).txt,5.997122483221476
Nomad_(comics).txt,6.016062407132243
Dakota_North_(comics).txt,5.4750000000000005
Northstar_(Marvel_Comics).txt,5.078
Nova_(Frankie_Raye).txt,5.888953540820929
Cassandra_Nova.txt,5.750526604498081
Nth_Man.txt,5.873298245614035
Nuke_(Marvel_Comics).txt,5.701906693711967
Nuklo.txt,5.679126637554585
Randy_O'Brien.txt,6.426666666666667
Alfie_O'Meggan.txt,5.948181818181819
Solomon_O'Sullivan.txt,nan
Obituary_(comics).txt,5.846666666666667
Obliterator_(comics).txt,6.15
Obnoxio_the_Clown.txt,5.73691037735849
Occulus.txt,5.76132325141777
Ocean_(Marvel_Comics).txt,5.846666666666667
Ocelot_(comics).txt,5.846666666666667
Oddball_(comics).txt,5.465999999999999
Odin_(comics).txt,5.859999999999999
Aleta_Ogord.txt,6.048928067700988
Ogre_(Marvel_Comics).txt,5.695945945945946
Ogress_(comics).txt,5.644285714285715
Old_Lace_(comics).txt,5.61043057996485
Old_Man_Logan.txt,5.652126315789474
Omega_(Marvel_Comics).txt,6.073333333333333
Omega_Red.txt,5.5587022180273715
Omega_the_Unknown.txt,5.821318150448585
Paulie_Provenzano.txt,6.073333333333333
Onyxx.txt,5.84196261682243
Ooze_(comics).txt,5.846666666666667
Gene_Nation.txt,5.691999999999999
Optoman.txt,5.846666666666667
Oracle_(Marvel_Comics).txt,6.073333333333333
Orator_(comics).txt,5.7
Orb_(comics).txt,5.7394886922320545
Orbit_(comics).txt,5.846666666666667
Orchid_(comics).txt,5.846666666666667
Ord_(comics).txt,5.611399416909621
Orka_(comics).txt,5.869812499999999
Orphan_(Marvel_Comics).txt,5.144285714285714
Orphan-Maker.txt,5.722557471264368
Orrgo.txt,5.677164634146342
Ismael_Ortega.txt,5.14
Harry_Osborn|Harry_Osborn_(Sam_Raimi_film_series).txt,5.628428571428572
Norman_Osborn|Norman_Osborn_(Sam_Raimi_film_series).txt,5.7243746290172135
Normie_Osborn.txt,5.601238170347003
Oshtur.txt,6.10625
Osiris_(Marvel_Comics).txt,nan
Otomo_(comics).txt,6.073333333333333
Outlaw_(comics).txt,5.661033492822966
Outlaw_Kid.txt,5.79319170984456
Overdrive_(comics).txt,5.465999999999999
Overkill_(comics).txt,5.846666666666667
Overmind_(comics).txt,5.836303236797274
Ozone_(comics).txt,5.846666666666667
Owl_(Marvel_Comics).txt,5.667218045112781
Ox_(comics).txt,5.668292220113852
Oya_(comics).txt,5.81960219478738
Karen_Page.txt,5.6669446808510635
Paladin_(comics).txt,5.797258364312268
Pandemic_(comics).txt,5.7700000000000005
Paradigm_(comics_character).txt,7.08
Paris_(Marvel_Comics).txt,7.08
Benjamin_Richard_Parker.txt,5.772843373493976
Uncle_Ben.txt,5.686851155292853
Kaine_Parker.txt,5.523539210661199
Richard_and_Mary_Parker.txt,5.629029612756264
Pasco_(comics).txt,5.63
Patriot_(comics).txt,5.866521456436931
Peepers_(Marvel_Comics).txt,5.64446127946128
Penance_(X-Men).txt,7.08
Peregrine_(comics).txt,5.834618937644342
Persuasion_(comics).txt,5.736523489932886
Perun_(comics).txt,5.876344086021505
Pestilence_(comics).txt,5.588809073724008
Deathlok_(Michael_Peterson).txt,5.32
Phantazia.txt,5.720043859649122
Phantom_Eagle.txt,5.8994871794871795
Phantom_Reporter.txt,5.8646260387811635
Phantom_Rider.txt,5.685121951219513
Phaser_(comics).txt,5.99
Phastos.txt,6.174605433376454
Phat_(comics).txt,nan
Phobos_(Marvel_Comics).txt,5.703339805825243
Phone_Ranger.txt,nan
Alexander_Goodwin_Pierce.txt,5.815
Donald_Pierce.txt,5.777352480417755
Piledriver_(comics).txt,5.465999999999999
Pink_Pearl_(comics).txt,4.75
Pinky_Pinkerton.txt,5.516469594594595
Pip_the_Troll.txt,5.900065666041275
Pipeline_(comics).txt,5.077000000000001
Piranha_(comics).txt,5.882108262108262
Pisces_(comics).txt,5.465999999999999
Pixie_(X-Men).txt,5.899419426048564
Plantman.txt,5.74676446617767
Plunderer_(comics).txt,5.888401360544218
Pluto_(Marvel_Comics).txt,5.715257009345795
Pod_(comics).txt,5.626666666666666
Polestar_(comics).txt,5.52
Porcupine_(comics).txt,5.859999999999999
Portal_(comics).txt,5.465999999999999
Possessor_(comics).txt,6.129
Postman_(comics).txt,7.08
Pepper_Potts.txt,5.857452667814114
Poundcakes.txt,5.859999999999999
Powderkeg_(character).txt,5.7029530201342284
Power_Broker_(character).txt,5.754864620938628
Power_Man_(Victor_Alvarez).txt,5.97123439667129
Power_Princess.txt,5.833760806916427
Powerhouse_(comics).txt,5.806231263383298
Predator_X_(Marvel_Comics).txt,5.078
Prester_John_(comics).txt,5.838648648648649
Pretty_Boy_(comics).txt,7.08
Pretty_Persuasions.txt,5.609999999999999
Preview_(comics).txt,5.79125
Primus_(Marvel_Comics).txt,nan
Princess_Python.txt,5.644879938032534
Prism_(comics).txt,5.465999999999999
Proctor_(comics).txt,5.733809523809524
Prodigy_(Ritchie_Gilmore).txt,5.6671870604781995
Professor_Power.txt,5.721123188405798
Professor_Thornton.txt,5.895
The_Profile.txt,6.1899999999999995
Prometheus_(Marvel_Comics).txt,5.819351851851852
Proteus_(Marvel_Comics).txt,5.757089072543617
Protocide.txt,5.418750000000001
Prowler_(Marvel_Comics).txt,5.6634088366890385
Kitty_Pryde.txt,5.860494512121578
Madelyne_Pryor.txt,5.685664451827242
Psi-Hawk.txt,4.0
Psycho-Man.txt,5.629603567888999
Psyklop.txt,5.711533864541833
Betsy_Braddock.txt,5.90285682697623
Kwannon_(character).txt,5.7891834862385325
Puck_(Marvel_Comics).txt,5.747798891528108
Puff_Adder_(comics).txt,5.528333333333333
Pulsar_(Marvel_Comics).txt,5.819999999999999
Pulse_(Augustus).txt,5.9069059405940605
Puma_(comics).txt,5.465999999999999
Punchout_(comics).txt,5.077000000000001
Punisher.txt,5.595458895171814
Punisher_2099.txt,5.58045768566494
Puppet_Master_(Marvel_Comics).txt,5.755739287869643
Purple_Man.txt,5.798788501026695
Henry_Pym.txt,5.96125
Hope_Pym.txt,5.986597510373444
Pyre_(comics).txt,5.550000000000001
Pyro_(Marvel_Comics).txt,5.759227053140096
Daisy_Johnson.txt,5.953794241151769
Clay_Quartermain.txt,5.749178294573643
Quasar_(comics).txt,5.844136597938145
Quicksilver_(comics).txt,5.746
Raa_of_the_Caves.txt,6.195
Holden_Radcliffe.txt,5.765185185185185
Radioactive_Man_(comics).txt,5.752488356620093
Radius_(comics).txt,5.828899755501221
Rage_(comics).txt,5.577402597402597
Ragnarok_(comics).txt,5.665733662145499
Tamara_Rahn.txt,5.8697333333333335
Raiders_(comics).txt,5.74016835016835
Rakkus.txt,5.75
Rebel_Ralston.txt,4.545
Rampage_(Marvel_Comics).txt,5.620127840909091
Random_(comics).txt,5.6648382923674
Kavita_Rao.txt,5.780207336523126
Monica_Rappaccini.txt,5.733714565004887
Mikhail_Rasputin.txt,5.646977138018628
Rattler_(comics).txt,5.465999999999999
Ravage_(Marvel_Comics).txt,5.747245989304814
Ravage_2099.txt,5.878353174603175
Ravonna.txt,5.794738292011019
Rawhide_Kid.txt,5.93628
Razor_Fist.txt,5.542663366336634
Razorback_(comics).txt,5.465999999999999
Recorder_451.txt,5.781005025125628
Red_Barbarian.txt,5.669817073170731
Red_Ghost_(character).txt,5.690630498533725
Red_Guardian.txt,5.825854774156661
Red_Hulk.txt,5.852618384401115
Red_Nine.txt,6.52
Red_Raven_(Marvel_Comics).txt,5.848670605612999
Red_Ronin.txt,5.643739612188366
Betty_Ross.txt,5.747825097529258
Red_Shift_(comics).txt,5.555
Red_Skull.txt,5.625157029644849
Red_Sonja.txt,5.954026423403586
Red_Wolf_(comics).txt,5.819969430645778
Redstone_(comics).txt,5.763453815261044
Redwing_(Marvel_Comics).txt,5.910000000000001
Reignfire.txt,5.6999737532808386
Ben_Reilly.txt,5.601270157938487
Reptil.txt,5.799353268428374
Reptyl.txt,6.015414201183432
Clive_Reston.txt,5.722930591259641
Rev_(comics).txt,5.827649513212795
Revanche_(Marvel_Comics).txt,5.351666666666667
Cecilia_Reyes.txt,5.743944337811901
Rhapsody_(comics).txt,5.86873786407767
Rhino_(comics).txt,5.3933333333333335
Val_Rhymin.txt,5.709731800766284
Franklin_Richards_(Fantastic_Four).txt,5.355
Nathaniel_Richards_(Marvel_Comics).txt,5.980484949832776
Valeria_Richards.txt,5.85333914559721
Molly_von_Richthofen.txt,5.6850000000000005
Ricochet_(comics).txt,5.825072886297376
Rictor.txt,5.934152094347295
Ringer_(comics).txt,5.606350752878654
Ringmaster_(comics).txt,5.76578125
Ringo_Kid.txt,5.977455197132617
Dallas_Riordan.txt,5.785947075208913
Riptide_(comics).txt,6.0855555555555565
Deborah_Risman.txt,5.776153846153846
Matthew_Risman.txt,5.625981524249422
Risque_(comics).txt,5.659681020733652
Donald_&_Deborah_Ritter.txt,6.1097354497354495
Robbie_Robertson_(comics).txt,5.3950000000000005
Randy_Robertson.txt,5.774172597864768
Rock_Python.txt,5.808473804100228
Rocket_Raccoon.txt,6.066646891926747
Rocket_Racer.txt,5.826907103825137
Rocketeers_(comics).txt,6.22
Death_Squad_(comics).txt,nan
Rockman_(comics).txt,5.888459383753501
Rockslide_(comics).txt,5.465999999999999
Rodstvow.txt,5.965333333333334
Rogue_(comics).txt,5.86
Rom_(comics).txt,5.638333333333333
Roma_(comics).txt,5.879305993690852
Romulus_(Marvel_Comics).txt,5.358
Ronan_the_Accuser.txt,6.030032349373231
Ronin_(Marvel_Comics).txt,5.833194444444445
Richard_Rory.txt,5.776229299363058
Roughouse.txt,5.665092250922509
Royal_Roy.txt,6.085
Ruby_Thursday.txt,5.905032154340836
Ruckus_(comics).txt,5.559230769230769
Runner_(comics).txt,6.15
Henry_Russo.txt,5.884545454545455
Russian_(comics).txt,5.830962379702537
Skrull_Kill_Krew.txt,5.665505716798593
John_Ryker.txt,5.6576139410187665
Sabra_(comics).txt,5.465999999999999
Sabretooth_(comics).txt,5.465999999999999
Sage_(comics).txt,5.746
Sagittarius_(comics).txt,5.710356294536817
Sandman_(Marvel_Comics).txt,5.676449665876266
Sangre_(comics).txt,5.750000000000001
Sasquatch_(comics).txt,5.824337822671157
Sat-Yr-9.txt,5.833939393939393
Satana_(Marvel_Comics).txt,5.780829297820824
Satannish.txt,5.74900900900901
Saturnyne.txt,5.849858548585487
Saul_(comics).txt,5.883
Sauron_(comics).txt,5.785122061482821
Happy_Sam_Sawyer.txt,5.729436997319034
Scaleface.txt,6.026399999999999
Scalphunter_(Marvel_Comics).txt,5.711329211746522
Scarecrow_(Marvel_Comics).txt,5.651676367869617
Scarlet_Scarab.txt,6.068423493044822
Scarlet_Spider.txt,5.726310810810812
Scarlet_Witch|Wanda_Maximoff_(Marvel_Cinematic_Universe).txt,5.906410064773293
Scientist_Supreme.txt,5.94795476892822
Scimitar_(Marvel_Comics).txt,5.327142857142857
Scorcher_(comics).txt,5.465999999999999
Scorpia_(comics).txt,5.75
Scorpio_(Marvel_Comics).txt,5.704098939929328
Scorpion_(Marvel_Comics).txt,5.7940000000000005
Scourge_of_the_Underworld.txt,5.698564742589704
Scramble_(comics).txt,5.694360770577933
Scrambler_(comics).txt,5.844175084175085
Nicholas_Scratch.txt,5.679141716566866
Scream_(comics).txt,5.078333333333333
Scribe_(comics).txt,6.470000000000001
Scuzz_(comics).txt,6.426666666666667
Selene_(comics).txt,5.7963951675759935
Erik_Selvig.txt,5.82265503875969
Sentinel_(comics).txt,5.8282991421111525
Sentry_(comics).txt,5.465
Sequoia_(comics).txt,6.4399999999999995
Serafina_(Marvel).txt,5.787222222222223
Serpentina_(comics).txt,5.9670000000000005
Sersi.txt,5.887252565375703
Juston_Seyfert.txt,5.700922155688623
Shadow_King.txt,5.606522036214554
Shalla-Bal.txt,6.0531058823529404
Shaman_(comics).txt,5.761299589603284
Shamrock_(comics).txt,6.03124726477024
Shang-Chi|Shang-Chi_(Marvel_Cinematic_Universe).txt,5.805396771644655
Shanna_the_She-Devil.txt,5.769367881548975
Karima_Shapandar.txt,5.717187780772686
Shape_(comics).txt,5.762166172106825
Shaper_of_Worlds.txt,5.986213235294118
Shard_(comics).txt,5.831750663129973
Miriam_Sharpe.txt,5.534165517241379
Shathra.txt,5.02125
Shatter_(comics).txt,7.08
Shatterstar.txt,5.873324261275273
Jacob_Shaw_(comics).txt,5.715606060606061
Sebastian_Shaw_(comics).txt,5.418333333333334
Shinobi_Shaw.txt,5.742161125319693
She-Hulk.txt,5.936452301127705
Anne_Weying.txt,5.723012895662369
Shellshock_(Marvel_Comics).txt,nan
Shepard_(comics).txt,5.834626168224299
Lotus_Shinchuko.txt,5.49875
Randall_Shire.txt,6.073333333333333
Shiva_(Marvel_Comics).txt,3.36
Shocker_(comics).txt,5.465999999999999
Shockwave_(comics).txt,5.728568994889268
Shooting_Star_(comics).txt,5.897399486740803
Shortpack.txt,3.36
Shrew_(comics).txt,6.195
Shriek_(comics).txt,5.3933333333333335
Shriker.txt,6.073333333333333
Shroud_(comics).txt,5.802974947807933
Shuma-Gorath.txt,5.867500000000001
Sidewinder_(comics).txt,5.465999999999999
Siege_(John_Kelly).txt,5.465999999999999
Sif_(comics)|Sif_(Marvel_Cinematic_Universe).txt,5.65090909090909
Sigyn_(Marvel_Comics).txt,5.857142857142857
Silencer_(comics).txt,5.529015625
Silhouette_(comics).txt,5.775774155995343
Silk_(comics).txt,5.85934407880009
Samuel_Silke.txt,5.796262295081967
Silver_Dagger_(comics).txt,5.74981627296588
Silver_Fox_(comics).txt,5.595714285714286
Silver_Sable.txt,5.8529261198371145
Silver_Samurai.txt,5.943454038997214
Silver_Surfer.txt,6.050757550194027
Silverclaw.txt,5.801339712918661
Silvermane.txt,5.628022727272727
Jemma_Simmons.txt,5.781319648093842
Sin_(Marvel_Comics).txt,5.577997630331754
Sin-Eater_(comics).txt,4.995
Sirocco_(comics).txt,6.195
Siryn.txt,5.747614636405743
Jasper_Sitwell.txt,5.674202004626061
Skaar_(character).txt,5.922629508196722
Skein_(comics).txt,5.733250283125709
Skids_(comics).txt,5.465999999999999
Skin_(Marvel_Comics).txt,5.684824707846411
Skinner_(comics).txt,6.073333333333333
Skornn.txt,6.073333333333333
Skrullian_Skymaster.txt,6.17111111111111
Skull_the_Slayer.txt,5.762775119617225
Skullbuster.txt,5.815947867298578
Skullfire.txt,5.779806678383128
Redneck_(comics).txt,5.58
Skyhawk_(comics).txt,5.795263157894737
Slab_(comics).txt,5.503571428571429
Margaret_Slade_(Marvel_Comics).txt,nan
Slapstick_(comics).txt,5.848878600823046
Slash_(Marvel_Comics).txt,4.86
Trevor_Slattery.txt,5.894500292226767
Slaymaster.txt,5.7365280665280665
Sleeper_(Marvel_Comics).txt,5.665574387947269
Sleepwalker_(comics).txt,5.6140536585365854
Slipstream_(comics).txt,5.93338028169014
Slither_(comics).txt,5.94
Yo-Yo_Rodriguez.txt,5.789089147286821
Slug_(comics).txt,5.502481644640236
Slyde.txt,5.610857142857142
Marrina_Smallwood.txt,5.774971830985915
Smartship_Friday.txt,6.01
Smasher_(Marvel_Comics).txt,5.76712582781457
Smiling_Tiger.txt,6.046666666666667
Smuggler_(comics).txt,5.663929824561403
Alistair_Smythe.txt,5.553069306930693
Spencer_Smythe.txt,5.519001560062403
Snake_Marston_(comics).txt,5.873333333333332
Snapdragon_(comics).txt,5.072
Snowbird_(comics).txt,5.465999999999999
Tildie_Soames.txt,5.761499999999999
Martin_Soap.txt,5.788491228070176
Solarman.txt,5.962079722703639
Solo_(Marvel_Comics).txt,5.673207792207792
Solomon_Kane_(comics).txt,5.809773755656109
Songbird_(comics).txt,5.779960571710203
Southpaw_(comics).txt,5.782971887550201
Peni_Parker.txt,5.6702150537634415
Speed_(comics).txt,5.605
Speed_Demon_(comics).txt,5.212857142857142
Robbie_Baldwin.txt,5.820410305343512
Sphinx_(Marvel_Comics).txt,5.8989770992366415
Spider-Girl_(Mayday_Parker).txt,5.80712789661319
Spider-Ham.txt,5.810505119453924
Spider-Man_(Pavitr_Prabhakar).txt,5.725750798722045
Spider-Man_2099.txt,5.774974584886479
Spider-Punk.txt,5.532953692115144
Spider-Slayer.txt,5.504165507649513
Spider-UK.txt,5.788035538005924
Spider-Woman.txt,6.036778455284553
Spidercide.txt,5.670714285714286
Spike_(Marvel_Comics).txt,5.732033898305084
Spiral_(comics).txt,5.465999999999999
Spirit_of_'76_(Marvel_Comics).txt,5.973730158730159
Spitfire_(comics).txt,5.465999999999999
Spoilsport_(comics).txt,5.19875
Spoor_(comics).txt,5.7
Spot_(comics).txt,5.623178160919541
Sprite_(Eternal).txt,5.947234314980794
Sprocket_(comics).txt,5.642499999999999
Sputnik_(comics).txt,5.445
Spyder_(comics).txt,5.73
Spyke.txt,5.71884437596302
Spymaster_(comics).txt,5.465999999999999
Spyne.txt,5.676793893129771
Squirrel_Girl.txt,6.034295154185023
Squid_(Marvel_Comics).txt,5.655273010920436
Squidboy.txt,5.846666666666667
Gabriel_Stacy_and_Sarah_Stacy.txt,5.672506122448979
George_Stacy.txt,5.678413159167875
Gwen_Stacy|Spider-Woman_(Gwen_Stacy)|Gwen_Stacy_(The_Amazing_Spider-Man_film_series).txt,5.689160335086694
Stacy_X.txt,5.880439238653001
Stained_Glass_Scarlet.txt,5.536972111553785
Zeke_Stane.txt,5.727960413080894
Star_Brand.txt,5.90457223567393
Star-Lord.txt,5.948474151234568
Star_Thief.txt,5.066666666666667
Stardust_(Marvel_Comics).txt,5.68404973357016
Starfox_(comics).txt,5.781925465838509
Starhawk_(comics).txt,5.465999999999999
Starlight_(Marvel_Comics).txt,5.781612903225806
Arno_Stark.txt,5.855758661887695
Howard_Stark.txt,5.728471919895516
Maria_Stark.txt,5.829825396825397
Morgan_Stark.txt,5.672546857772877
Starr_the_Slayer.txt,5.718975609756097
Starshine_(comics).txt,5.94201030927835
Emma_Steed.txt,6.470000000000001
Steel_Serpent.txt,5.630255905511811
Steel_Spider.txt,5.705127478753541
Steel_Wind.txt,4.983333333333333
Steeplejack_(Marvel_Comics).txt,5.546666666666667
Stegron.txt,5.694070707070706
Chase_Stein.txt,5.643291497975708
Stellaris_(comics).txt,5.06
Stepford_Cuckoos.txt,5.758949357520787
Stick_(comics).txt,5.710842654735272
Stiletto_(comics).txt,5.520773195876289
Farley_Stillwell.txt,5.733567567567568
Stilt-Man.txt,5.581587044534413
Stinger_(Marvel_Comics).txt,3.95
Stingray_(comics).txt,5.924715025906735
Stonecutter_(comics).txt,5.891000000000001
Stonewall_(comics).txt,5.554716312056738
Storm_(Marvel_Comics).txt,5.914525708001099
Franklin_Storm.txt,5.5783115183246075
Stranger_(comics).txt,5.925886075949368
Damage_Control_(comics).txt,5.627299509001636
Straw_Man_(comics).txt,5.780796460176991
Stringfellow_(comics).txt,5.06
Strobe_(comics).txt,5.716216216216216
Mendel_Stromm.txt,5.679873417721518
Strong_Guy.txt,5.743359683794466
Strongman_(comics).txt,5.616857142857143
Stryfe.txt,5.697018284106892
William_Stryker.txt,5.635573770491804
Stunt-Master_(comics).txt,nan
Styx_and_Stone.txt,4.664
Subterranea_(comics).txt,5.701925722145805
Hope_Summers_(comics).txt,5.872857142857143
Ruby_Summers.txt,5.749180327868852
Sons_of_the_Tiger.txt,5.903333333333332
Sun_Girl_(Marvel_Comics).txt,6.015213793103449
Sunfire_(comics).txt,5.76467659137577
Sunpyre.txt,5.856294820717131
Sunspot_(comics).txt,5.746
Sunturion.txt,5.756885521885521
Super-Adaptoid.txt,5.957821270310192
Super-Patriot_(Marvel_Comics).txt,5.5841396933560485
Super_Rabbit_(comics).txt,6.464
Super_Sabre_(comics).txt,5.646162570888469
Super-Skrull.txt,5.885728962818004
Supergiant_(comics).txt,5.95
Superia.txt,5.830664451827243
Supernova_(Marvel_Comics).txt,5.8370298769771525
Supreme_Intelligence.txt,5.9535440180586905
Surtur_(Marvel_Comics).txt,5.465999999999999
Swarm_(comics).txt,5.746
Jenny_Swensen.txt,6.24
Beverly_Switzler.txt,5.736123778501628
Lin_Lie.txt,5.418064870808136
Swordsman_(comics).txt,5.465999999999999
Kevin_Sydney.txt,5.665628507295174
Sydren.txt,4.82
Synapse_(comics).txt,5.979570957095709
Synch_(comics).txt,5.818218829516541
T-Ray_(comics).txt,5.627079136690647
Tag_(comics).txt,6.18
Tai_(comics).txt,5.858960784313725
Hiro_Takachiho.txt,6.167210526315789
Glenn_Talbot.txt,5.707659963436929
Talisman_(Alpha_Flight).txt,5.7955099778270505
Talos_the_Untamed.txt,5.971837509491269
Tarantula_(Marvel_Comics).txt,5.716191117092865
Taserface.txt,5.931860841423947
Taskmaster_(comics).txt,4.992857142857143
Taurus_(comics).txt,5.746
Tazza_(comics).txt,6.073333333333333
Teen_Abomination.txt,5.716305732484076
Angel_Salvadore.txt,6.001599115696389
Claire_Temple|Claire_Temple_(Marvel_Cinematic_Universe).txt,5.861815732758621
Tempo_(comics).txt,5.83139465875371
Tenebrous_(Marvel_Comics).txt,6.073333333333333
Terraformer_(comics).txt,6.144
Terrax.txt,5.811219178082193
Terror_Inc..txt,5.396363636363636
Texas_Twister.txt,5.871423859263331
Thanos|Thanos_(Marvel_Cinematic_Universe).txt,6.028749119097957
Thena.txt,6.032096908939014
Death_Web_(comics).txt,5.8066666666666675
Thermite_(comics).txt,5.927953488372092
Thin_Man_(comics).txt,5.894625176803395
Thing_(comics).txt,5.358
Thog_(comics).txt,5.653333333333332
Thor_(Marvel_Comics)|Thor_(Ultimate_Marvel_character)|Thor_(Marvel_Cinematic_Universe).txt,5.95966564927858
Thor_Girl.txt,5.862534161490683
Professor_Thorton.txt,5.6964853556485355
Threnody_(comics).txt,5.453597733711048
Thunderball_(comics).txt,5.465999999999999
Thunderbird_(John_Proudstar).txt,5.837014297729184
Thunderbolt_(Marvel_Comics).txt,5.543302107728337
Thunderclap_(comics).txt,5.5441693811074915
Thunderer_(Marvel_Comics).txt,5.782512647554806
Thunderstrike_(Eric_Masterson).txt,6.155
Thundersword.txt,4.835
Thundra.txt,5.88857847976308
Tiger_Shark_(Marvel_Comics).txt,5.799274360746371
Tigra.txt,5.849240442655936
Timebroker.txt,5.756825396825397
Timeslip_(comics).txt,5.865036900369003
Tinkerer_(Marvel_Comics).txt,5.731470588235294
Titania_(Marvel_Comics).txt,5.800558766859345
Titanium_Man.txt,5.649701067615658
Titannus.txt,5.758546255506608
Toad_(comics).txt,5.286
Tombstone_(comics).txt,5.465999999999999
Tonaja.txt,5.814347826086956
Topaz_(Marvel_Comics).txt,5.839905533063428
Toro_(comics).txt,5.832585365853659
Torpedo_(Marvel_Comics).txt,5.851561712846348
Klara_Prast.txt,5.788221052631578
Blake_Tower.txt,5.698249258160238
June_Covington.txt,5.73065963060686
Toxin_(comics).txt,5.465999999999999
Tracer_(Marvel_Comics).txt,5.675083333333333
Trance_(comics).txt,5.756176066024759
Transonic_(comics).txt,5.61125
Trapster.txt,5.6653489847715734
Trash_(comics).txt,5.381995708154507
Bolivar_Trask.txt,5.68242951907131
Judas_Traveller.txt,5.454000000000001
Lorelei_Travis.txt,5.695288461538461
Tremolo_(comics).txt,6.195
Tricephalous_(comics).txt,5.837748538011695
Trick_Shot_(comics).txt,5.007142857142857
Triton_(comics).txt,5.838989323843417
Troll_(Marvel_Comics).txt,5.604824902723736
Damian_Tryp.txt,5.332
Matsu'o_Tsurayaba.txt,5.654423076923077
Turbo_(comics).txt,5.751796178343949
Turner_D._Century.txt,5.684038929440389
Tusk_(comics).txt,5.19875
Two-Gun_Kid.txt,5.813479087452472
Jessan_Hoan.txt,nan
Typeface_(comics).txt,5.581149825783972
Typhon_(comics).txt,5.5071734892787525
Tyr_(Marvel_Comics).txt,5.734671532846716
Tyrak.txt,nan
Tyrant_(Marvel_Comics).txt,5.321250000000001
Uatu.txt,5.829430147058823
Ulik.txt,5.787190889370932
Ultimo_(Marvel_Comics).txt,5.62280193236715
Ultron.txt,5.8881207704320655
U-Man.txt,5.947667638483965
Umar_(Marvel_Comics).txt,5.899710209540793
Underworld_(comics).txt,5.95
Unicorn_(Marvel_Comics).txt,5.793045912653975
Uni-Mind.txt,5.888333333333333
Union_Jack_(comics).txt,5.752857142857144
Unus_the_Untouchable.txt,5.733137472283815
Ben_Urich.txt,5.641566937119675
Phil_Urich.txt,5.714894894894894
Ursa_Major_(comics).txt,5.515000000000001
U.S._Agent_(comics).txt,5.2749999999999995
Valkyrie_(Marvel_Comics).txt,5.892156914195749
Michael_Van_Patrick.txt,5.832674743709227
Vanisher.txt,5.808344768439108
Vengeance_(comics).txt,4.89
Venom_(Marvel_Comics_character).txt,5.08375
Venomm.txt,5.7869620253164555
Venus_(Marvel_Comics).txt,6.030333333333333
Vermin_(comics).txt,5.3933333333333335
Kristoff_Vernard.txt,5.6739562443026434
Vertigo_(Marvel_Comics).txt,5.839543795620437
Vessel_(comics).txt,5.826923076923077
Vibraxas.txt,6.104000000000001
Viper_(Marvel_Comics).txt,5.744826666666666
Virgo_(comics).txt,5.465999999999999
Vishanti.txt,5.995000000000002
Vision_(Timely_Comics).txt,6.126595744680851
Amelia_Voght.txt,5.7829657794676805
Voice_(comics).txt,2.64
DP_7.txt,5.79686854783207
Volcana_(Marvel_Comics).txt,5.774636678200692
Volla_(comics).txt,6.06
Volstagg.txt,5.7485147642133105
Baron_Von_Blitzschlag.txt,5.753710937499999
Friedrich_Von_Roehm.txt,5.206666666666667
Fenris_(comics).txt,5.686690427698574
Werner_von_Strucker.txt,5.637212449255751
Voyager_(comics).txt,5.925697151424289
Vulcan_(Marvel_Comics).txt,5.617222222222222
Wallflower_(comics).txt,5.812131616595137
Walrus_(comics).txt,5.746
War_(Marvel_Comics).txt,5.479917743830788
War_Machine.txt,5.540257633587785
Carol_Danvers.txt,6.103620190318576
Warlock_(New_Mutants).txt,5.722047364400306
Adam_Warlock.txt,5.939529707413391
Warpath_(comics).txt,5.770153649167733
Jackal_(Marvel_Comics).txt,5.8149999999999995
Warrior_Woman_(Marvel_Comics).txt,5.785870967741936
Warwolf_(Marvel_Comics).txt,5.40126213592233
Washout_(comics).txt,5.465999999999999
Wasp_(comics).txt,5.465999999999999
Anna_Watson_(comics).txt,5.971170568561873
Mary_Jane_Watson|Mary_Jane_Watson_(Sam_Raimi_film_series).txt,5.730256684491979
Weapon_H.txt,5.40423508299686
Wendigo_(comics).txt,5.672951680672268
Werewolf_by_Night.txt,5.8605753968253955
Nicodemus_West.txt,5.728964577656675
Western_Kid.txt,5.96729044834308
Evangeline_Whedon.txt,5.786629526462396
Whiplash_(comics).txt,5.758750000000001
Whirlwind_(comics).txt,5.725850891410048
Abraham_Whistler.txt,5.590061224489795
White_Dragon_(comics).txt,5.63927624872579
White_Rabbit_(comics).txt,5.816798143851509
White_Tiger_(comics).txt,5.823707692307692
Whiteout_(Marvel_Comics).txt,4.745
Debra_Whitman.txt,5.697147595356551
Whizzer_(comics).txt,5.934362357080035
Wiccan_(comics).txt,5.465999999999999
Wild_Child_(comics).txt,5.724285714285713
Alex_Wilder.txt,5.848703862660944
Mutant_Liberation_Front.txt,5.533636363636364
Wildstreak.txt,5.17
Will_o'_the_Wisp_(comics).txt,5.745114942528735
Riri_Williams.txt,5.3933333333333335
Jim_Wilson_(comics).txt,5.7978856152513
Wind_Dancer.txt,5.839278579356272
Wing_(Marvel_Comics).txt,5.581111111111111
Colleen_Wing.txt,5.828848080133556
Wyatt_Wingfoot.txt,5.941532846715328
Bucky_Barnes.txt,5.852669793621014
Wipeout_(comics).txt,5.077000000000001
Pete_Wisdom.txt,5.8378413736713
Romany_Wisdom.txt,5.6816666666666675
Wither_(comics).txt,5.6939322033898305
Witness_(comics).txt,5.358333333333333
Wizard_(Marvel_Comics).txt,5.7293051771117165
Wolfsbane_(comics).txt,5.465999999999999
Wolverine_(character)|Wolverine_(Ultimate_Marvel_character)|Logan_(film_series_character).txt,5.648333333333333
Wonder_Man.txt,6.008204301075269
Wong_(comics).txt,5.746
Wong-Chu.txt,5.53051282051282
Jimmy_Woo.txt,5.844886018237082
Wraith_(Brian_DeWolff).txt,5.509640102827763
Wrecker_(comics).txt,5.896856508875739
Wundarr_the_Aquarian.txt,5.828591408591409
Wysper.txt,5.68
Professor_X.txt,5.705342503064143
Xavin.txt,5.845594555873926
Nate_Grey.txt,5.706149452641599
Xorn.txt,5.86035335689046
Mariko_Yashida.txt,5.745
Shingen_Yashida.txt,5.823658536585366
Yellow_Claw_(comics).txt,5.521666666666666
Yellowjacket_(Marvel_Comics).txt,5.798535031847134
Ymir_(Marvel_Comics).txt,5.790547337278107
Yondu.txt,5.949045961002786
Yon-Rogg.txt,5.767570093457943
Yukio_(comics).txt,5.910897651006711
Zabu.txt,5.715608899297424
Zarathos.txt,5.647046632124353
Zarrko.txt,5.634463768115943
Helmut_Zemo.txt,5.737964629227427
Alex_Power.txt,5.9425
Zeus_(Marvel_Comics).txt,5.886982836495031
Zheng_Bao_Yu.txt,5.9003520114942525
Zheng_Zu.txt,5.685285505124451
Arnim_Zola.txt,5.752009226037929
Zombie_(comics).txt,5.715114035087719
Zorro_(comics).txt,6.096129032258065
Enclave_(comics).txt,5.674088921282799
list_of_Eternals.txt,5.828950988822013
Zzzax.txt,5.933374827109267
3-D_Man.txt,5.906826923076924
Abin_Sur.txt,5.60623076923077
Abra_Kadabra_(character).txt,5.801941580756014
Abby_Holland.txt,5.639045736871823
Ace_the_Bat-Hound.txt,5.937921847246891
Adam_Strange.txt,5.845230989956959
Agent_Liberty.txt,5.776320400500624
Air_Wave.txt,5.909361914257229
Spider_(DC_Comics).txt,5.676529625151148
Alura_(DC_Comics).txt,5.839982206405693
Amazo.txt,5.934811578372473
Ambush_Bug.txt,5.770981266726138
Amazing-Man_(DC_Comics).txt,6.006347457627118
"Amethyst,_Princess_of_Gemworld.txt",5.96696828358209
Amygdala_(comics).txt,5.465999999999999
Anarky.txt,5.921241888167836
I...Vampire.txt,4.34
Laurel_Gand.txt,5.723514538558787
Angel_and_the_Ape.txt,6.2111742892459825
Animal_Man.txt,5.8935207967193906
Animal-Vegetable-Mineral_Man.txt,5.793891708967852
Anti-Monitor.txt,5.614790145985402
Antiope_(character).txt,6.059285714285714
Anton_Arcane.txt,5.606676082862522
Anthro_(comics).txt,5.903932253313697
Apache_Chief.txt,5.785875875875876
Phantom_Girl.txt,5.7515399002493774
Aquagirl.txt,5.89937062937063
Aqualad.txt,6.066777777777778
Aquaman.txt,5.996387997208653
Arak_(character).txt,5.897488636363636
Ares_(DC_Comics).txt,5.828300292492687
Argent_(character).txt,5.726021505376345
Arion_(character).txt,5.793313751668892
Arisia_Rrab.txt,5.7712728719172635
Jeremiah_Arkham.txt,5.799349522983521
Arrowette.txt,5.953958724202627
Roy_Harper_(character).txt,5.681088499763369
Artemis_of_Bana-Mighdall.txt,5.873962492437991
Atom_(character).txt,5.863309117326552
Atomic_Knight.txt,5.779791318864775
Atomic_Skull.txt,5.622761970853574
Albert_Rothstein.txt,5.787142857142858
Atrocitus.txt,5.637952359138801
Azrael_(DC_Comics).txt,5.792905296950241
Aztek_(character).txt,5.960871934604905
B'wana_Beast.txt,5.784644107351226
Baby-Doll_(character).txt,5.84
Bane_(DC_Comics).txt,5.5890660751809484
Baron_Bedlam.txt,5.546373056994819
Baron_Blitzkrieg.txt,5.868587105624142
Battalion_(DC_Comics).txt,5.804967532467533
Batgirl.txt,6.013804038312193
Batman.txt,5.873249837152839
Bat-Mite.txt,5.948271186440679
Batwing_(DC_Comics).txt,5.776536643026004
Batwoman.txt,5.673665413533835
Beast_Boy.txt,5.671259097525473
Bekka.txt,5.7999680255795365
Beppo_(comics).txt,5.987923809523809
Bibbo_Bibbowski.txt,5.862991347342398
Big_Barda.txt,5.945756771109931
Bizarro.txt,5.849833333333333
Black_Adam.txt,5.661855923859534
Black_Alice_(comics).txt,5.571582329317269
Black_Canary.txt,5.949195604395604
Black_Condor.txt,5.895173824130879
Black_Flash.txt,5.676581096849475
Black_Hand_(character).txt,5.714242284661446
Black_Lightning.txt,5.763732718894009
Black_Manta.txt,5.669090909090909
Black_Mask_(character).txt,5.59340335083771
Black_Orchid_(character).txt,5.788857901726428
Black_Thorn_(comics).txt,5.095714285714286
Black_Vulcan.txt,5.855654822335025
Blackhawk_(DC_Comics).txt,5.802932662051605
Blaze_and_Satanus.txt,5.782158154859967
Blok_(comics).txt,5.929473684210525
Blockbuster_(DC_Comics).txt,5.805225035161743
Bloodsport_(comics).txt,5.465999999999999
Blue_Beetle.txt,5.962981255578697
Blue_Devil_(DC_Comics).txt,5.524519091348477
Bombshell_(DC_Comics).txt,5.8672310756972115
Boodikka.txt,5.725655070318283
Booster_Gold.txt,5.88827772073922
Bouncing_Boy.txt,5.907258620689654
Bozo_the_Iron_Man.txt,5.911349809885931
Brain_(DC_Comics).txt,5.765199805068225
Brain_Wave_(character).txt,5.717127906976745
Brainiac_(character).txt,5.792910398953564
Brainiac_5.txt,5.901826229508196
Brainiac_8.txt,5.849550072568941
Brainwave_(character).txt,5.865134831460673
Brick_(character).txt,5.59436440677966
Bronze_Tiger.txt,5.651049085659287
Brother_Blood.txt,5.68122243226213
Brutale_(DC_Comics).txt,5.648449367088607
Bug-Eyed_Bandit.txt,5.649462686567165
Bulleteer.txt,5.765958230958231
Bulletman_and_Bulletgirl.txt,5.934196617336152
Bumblebee_(comics).txt,5.358333333333334
Bushido_(comics).txt,5.465999999999999
Calendar_Man.txt,5.805972434915774
Calculator_(character).txt,5.751387665198238
Captain_Atom.txt,5.789554464448082
Captain_Boomerang.txt,5.59326232856726
Captain_Cold.txt,5.6159002770083095
Captain_Comet.txt,5.856076051779936
Captain_Marvel_(DC_Comics).txt,5.997191582002903
Captain_Marvel_Jr..txt,5.847897994553107
Captain_Nazi.txt,5.892868605817453
Catwoman.txt,5.937339036470058
Ch'p.txt,5.74843912591051
Reep_Daggle.txt,5.98651094890511
King_Chimera.txt,5.869741657696448
Chris_KL-99.txt,5.950095419847328
Cheetah_(character).txt,5.856241767580199
Chemo_(character).txt,5.980874673629243
Cheshire_(comics).txt,5.655708836617928
Chief_(DC_Comics).txt,5.644211576846307
Chris_Kent_(character).txt,5.695007327796776
Chronos_(character).txt,5.730652962515115
Circe_(character).txt,5.834366399082568
Clayface.txt,5.667634289919058
Clock_King.txt,5.758834262544348
Cluemaster.txt,5.6740870307167235
Gim_Allon.txt,5.950188383045526
Comedian_(character).txt,5.601515453639083
Commander_Steel.txt,5.793284253578732
Conduit_(character).txt,5.751609589041096
Congorilla.txt,5.840453720508167
Cosmic_Boy.txt,5.872765416401781
Count_Vertigo.txt,5.519120095124851
Creeper_(DC_Comics).txt,5.761290414066931
Crimson_Avenger.txt,5.860322222222222
Crispus_Allen.txt,5.47048203330412
Cyborg_(DC_Comics).txt,5.814165844027641
Cyborg_Superman.txt,5.972070645554202
Cyclone_(DC_Comics).txt,5.934117647058824
Dan_the_Dyna-Mite.txt,5.892737940026075
Dan_Turpin.txt,5.677752293577981
Darkseid.txt,5.832951678633806
Dark_Angel_(DC_Comics).txt,5.795438016528926
Wally_West.txt,5.901000524750743
Dava_(comics).txt,5.3671728971962605
Dawnstar.txt,5.996185997910136
Deadman_(comics).txt,5.8828524590163935
Deadshot.txt,5.553655274888559
Death_(DC_Comics).txt,5.566560268794624
Deathstroke.txt,5.716186395286555
Decay_(DC_Comics).txt,5.589369369369369
DeSaad.txt,5.737706093189964
Despero.txt,5.890796511627906
Detective_Chimp.txt,5.820474452554746
Ding_Dong_Daddy.txt,5.776840277777778
Doctor_Alchemy.txt,5.747403726708074
Doctor_Cyber.txt,5.876300984528831
Doctor_Destiny.txt,5.783427345187001
Doctor_Fate.txt,5.800447241564007
Doctor_Light_(character).txt,5.584814814814815
Doctor_Manhattan.txt,5.700074882995319
Doctor_Mid-Nite.txt,5.83846853677028
Doctor_Occult.txt,5.9835657370517925
Doctor_Poison.txt,5.761349458943348
Doctor_Polaris.txt,5.716472203157172
Doctor_Psycho.txt,5.620187003272557
Doctor_Sivana.txt,5.797150084317032
Doll_Man.txt,5.946106333072713
Dollmaker_(comics).txt,5.465999999999999
Doomsday_(DC_Comics).txt,5.616587272050614
Richard_Dragon.txt,5.733375188347564
Dream_(character).txt,5.852825974025975
Nura_Nal.txt,6.021161616161616
Duela_Dent.txt,5.7955328040117005
Eclipso.txt,5.694873571181156
Morgan_Edge.txt,5.723253358925144
El_Diablo_(comics).txt,5.3549999999999995
Elasti-Girl.txt,5.730174152153987
Elongated_Man.txt,5.750083406496928
Emerald_Empress.txt,5.800183767228178
Enchantress_(DC_Comics).txt,5.704148842660417
Eradicator_(character).txt,5.920076863950808
Etrigan_the_Demon.txt,5.676636320076665
Faora.txt,5.747028647568288
Felix_Faust.txt,5.748635522664199
Ferro_Lad.txt,5.885046923879041
Fiddler_(comics).txt,5.720878721859115
Fire_(comics).txt,5.712461340206187
Firebrand_(DC_Comics).txt,5.83642208774584
Firefly_(DC_Comics).txt,5.684329235702832
Firestorm_(character).txt,5.794010600706714
Flash_(DC_Comics_character).txt,6.008332343038226
Flamebird.txt,5.806778443113772
Flamingo_(comics).txt,5.672602996254682
Anna_Fortune.txt,5.940434782608696
Flex_Mentallo.txt,5.741659528907923
Floronic_Man.txt,5.824590163934427
Major_Force.txt,5.635923566878981
Mr._Freeze.txt,5.564284781188766
Forerunner_(DC_Comics).txt,5.6028596491228075
Frankenstein_(DC_Comics).txt,5.748862679022746
Fury_(DC_Comics).txt,5.840762214983713
G'nort.txt,5.766093189964157
Gambler_(comics).txt,5.629151583710407
Ganthet.txt,5.806474820143886
Gearhead_(DC_Comics).txt,5.591252796420582
General_Immortus.txt,5.615208633093525
General_Zahl.txt,5.357636363636364
Gentleman_Ghost.txt,5.655621351125938
Geo-Force.txt,5.629663316582915
Giganta.txt,5.861209503239741
Gizmo_(DC_Comics).txt,5.767115987460815
Glorious_Godfrey.txt,5.835364891518737
Gnarrk.txt,5.760530303030303
Golden_Glider.txt,5.8318984771573605
Gorilla_Grodd.txt,5.861650868878358
Green_Arrow.txt,5.981730644111906
Green_Lantern.txt,5.791212562396007
Guardian_(DC_Comics).txt,5.874054421768708
Hank_Hall.txt,5.791770392749245
Harlequin_(character).txt,5.658333333333334
Harley_Quinn.txt,5.944902030321836
Harry_Stein_(character).txt,5.663679458239277
Harvey_Bullock_(character).txt,5.614958915365654
Hawk_and_Dove.txt,5.839159186116098
Hawkgirl.txt,5.8142775447960355
Hawkman.txt,5.906074074074074
Hawkwoman.txt,5.730854978354979
Heat_Wave_(comics).txt,5.404285714285714
Hector_Hammond.txt,5.758852339181287
Hippolyta_(DC_Comics).txt,5.955874109809327
Hourman.txt,5.806321525885559
Huntress_(comics).txt,5.948483639265762
Hush_(character).txt,5.5836656484309914
Hyathis.txt,5.788404761904762
Ibis_the_Invincible.txt,5.907168508287292
Ice_(character).txt,5.816503378378378
Icemaiden.txt,5.658333333333334
Icicle_(comics).txt,5.708178243774574
Icon_(character).txt,5.877894736842105
Immortal_Man.txt,5.838040540540541
Impulse_(DC_Comics).txt,5.398000000000001
Inspector_Henderson.txt,5.787330447330448
Invisible_Kid.txt,5.941354091238233
Ion_(DC_Comics).txt,5.844674157303371
Iris_West.txt,5.771308988764045
Isamot_Kol.txt,5.578813131313131
Isis_(DC_Comics).txt,5.754071961386574
Martian_Manhunter.txt,5.745211762825634
Jack_O'Lantern_(DC_Comics).txt,5.992896405919661
Jade_(DC_Comics).txt,5.942149744753262
Jakeem_Thunder.txt,5.818087578194818
Jinx_(DC_Comics).txt,5.838801791713326
Johnny_Thunder.txt,5.828763987792472
Joker_(DC_Comics).txt,5.078
Katana_(DC_Comics).txt,5.738235294117648
Kelex.txt,5.780939226519337
Kid_Eternity.txt,5.91626746506986
Kid_Flash.txt,5.8994878706199465
King_Standish.txt,5.8947133757961785
Killer_Croc.txt,5.496827794561933
Killer_Frost.txt,5.615616012436845
Killer_Moth.txt,5.564445734184562
Kobra_(DC_Comics).txt,5.594286600496278
Kole.txt,5.6530054644808745
L-Ron.txt,5.623333333333333
Lady_Blackhawk.txt,5.858994181213633
Lady_Quark.txt,5.854825327510918
Lady_Shiva.txt,5.57625968992248
Lady_Styx.txt,5.806436170212766
Lady_Vic.txt,5.758237476808905
Lagoon_Boy.txt,5.797653890824623
Larry_Lance.txt,5.769723183391004
Lois_Lane.txt,5.8994649375600385
Lucy_Lane.txt,5.8533101045296165
Sam_Lane_(comics).txt,5.72654351909831
Lana_Lang.txt,5.850378486055777
Lara_(character).txt,5.902544642857143
Larfleeze.txt,5.7978372001572955
Bat_Lash.txt,5.923611442193087
Lashina.txt,5.72715308863026
Legion_(DC_Comics).txt,5.753333333333334
Lori_Lemaris.txt,5.901292613636364
Liberty_Belle_(comics).txt,6.002185792349728
Lightning_(DC_Comics).txt,5.848837719298245
Lilith_Clay.txt,5.7371388888888895
Livewire_(DC_Comics).txt,5.868185745140389
Lobo_(DC_Comics).txt,5.778035838957411
Gillian_B._Loeb.txt,5.564535211267605
Steve_Lombard.txt,5.842213114754099
Looker_(character).txt,5.755198938992042
Maxwell_Lord.txt,5.780293829578844
Lucifer_(DC_Comics).txt,5.8007841207349085
Lena_Luthor.txt,5.773962472406181
Lex_Luthor.txt,5.766596659297471
Lionel_Luthor.txt,5.8301670998886
Lynx_(comics).txt,5.453464912280702
Magpie_(character).txt,5.720910010111223
Mammoth_(comics).txt,5.918296296296297
Bruno_Mannheim.txt,5.71643504531722
Minister_Blizzard.txt,5.8286133960047
Mongul.txt,5.75830226904376
Mutants_(DC_Comics).txt,5.656942028985507
Naiad_(character).txt,5.653484162895928
Natas_(character).txt,5.6177545691906
Nebula_Man.txt,5.923138936535164
Negative_Man.txt,5.5534221902017284
Nekron.txt,5.673533434650455
Nemesis_(DC_Comics).txt,5.741745249824068
Nemesis_Kid.txt,5.804798598949212
Neon_the_Unknown.txt,5.990285714285714
Neutron_(DC_Comics).txt,5.659529616724738
Masters_of_Disaster_(comics).txt,5.593386327503974
Professor_Carter_Nichols.txt,5.4275
Nighthawk_(DC_Comics).txt,5.914821428571428
Nightmaster.txt,5.8365234375
Nightrider_(DC_Comics).txt,5.600284697508896
Nightrunner_(character).txt,5.896863354037267
Nightshade_(DC_Comics).txt,5.695267515923566
Nightslayer.txt,5.62092485549133
Nightwing.txt,5.8582926829268285
Nite_Owl.txt,5.665085574572127
Nite-Wing.txt,5.596883116883116
Nocturna_(DC_Comics).txt,5.773852855759922
Non_(comics).txt,5.702855924978688
Intergang.txt,5.687771701982228
Northwind_(comics).txt,5.465999999999999
Ms._Gsptlsnz.txt,5.80642156862745
Orca_(DC_Comics).txt,5.593069082672706
Phosphorus_Rex.txt,5.84463963963964
Prankster_(comics).txt,5.6551251203079875
Prestor_Jon.txt,5.635882352941176
Protector_(DC_Comics).txt,5.794889589905363
Professor_Pyg.txt,5.940943181818182
Quakemaster.txt,5.810668449197861
Ravan_(comics).txt,5.430127041742287
Raven_(DC_Comics).txt,5.781291390728477
Roy_Harper_(character)|Emiko_Queen.txt,5.870297619047619
Red_Star_(comics).txt,5.674
Red_Tornado|Red_Tornado_(identity).txt,5.683590891397431
Robin_(DC_Comics).txt,5.83
Harper_Row.txt,6.0001715265866205
Sardath.txt,5.931646341463415
Sin_(DC_Comics).txt,5.480189753320684
Li'l_Lobo.txt,5.871818181818182
Felicity_Smoak.txt,6.024997724169322
Johnny_Sorrow.txt,5.511818181818183
Jimmy_Olsen.txt,5.890699747437231
Cornelius_Stirk.txt,5.523956639566396
Silas_Stone.txt,5.728416547788873
Super-Hip.txt,5.954552238805969
Super-Turtle.txt,6.301732776617953
Superboy.txt,5.955749063670411
Supergirl.txt,5.874834673815908
Superman.txt,5.984720539753123
Superman_robots.txt,5.9078858625162125
Supernova_(DC_Comics).txt,5.930753086419753
Superwoman.txt,5.84503025987896
Tally_Man.txt,5.478769771528999
TNT_(character).txt,5.931375968992248
Turtle_(comics).txt,5.717374830852504
Ultra_Boy.txt,5.853110273327051
Ultra_the_Multi-Alien.txt,5.838226466575716
Ultraa.txt,5.870606585788561
Ultra-Humanite.txt,5.845355566454145
Ultra-Man.txt,6.002199488491049
Ultraman_(DC_Comics).txt,5.689068379990822
Umbaluru.txt,5.586666666666667
Uncle_Marvel.txt,5.984858657243817
Uncle_Sam_(comics).txt,5.89456674473068
Universo.txt,5.8998945518453425
Unknown_Soldier_(DC_Comics).txt,5.5775434782608695
V_(character).txt,5.648
Warlock's_Daughter.txt,5.594478063540091
Warlord_(DC_Comics).txt,5.973549832026876
Warp_(comics).txt,5.659562211981567
Waverider_(character).txt,5.758775280898876
Weapons_Master.txt,5.634635761589404
Weather_Wizard.txt,5.7120652999240695
Web_(character).txt,5.914108108108108
Weeper_(DC_Comics).txt,5.5617241379310345
Weird_(comics).txt,5.255
Paul_Westfield.txt,5.74733082706767
